Ironman K5100 EIP Drive (★Read-only   ▲Set when servo off   ●Valid After Re-power on   ■Volatile parameter   ◊NEO-S Parameters   ○Set/Get through IO assembly ⌂Digit Check required ¤Set when io connection is not established),Unnamed: 1,Unnamed: 2,Unnamed: 3,Unnamed: 4,Unnamed: 5,Unnamed: 6,Unnamed: 7,Unnamed: 8,Unnamed: 9,Unnamed: 10,Unnamed: 11,Unnamed: 12,Unnamed: 13,Unnamed: 14,Unnamed: 15,Unnamed: 16,Unnamed: 17,Unnamed: 18,Unnamed: 19,Unnamed: 20,Unnamed: 21,as of 8192021,Unnamed: 23,Unnamed: 24,Unnamed: 25,Unnamed: 26,Unnamed: 27,Unnamed: 28,Unnamed: 29,Unnamed: 30,Unnamed: 31,Unnamed: 32,Unnamed: 33,Unnamed: 34,Unnamed: 35,Unnamed: 36,Unnamed: 37,Unnamed: 38,Unnamed: 39,Unnamed: 40,Unnamed: 41,Unnamed: 42,Unnamed: 43,Unnamed: 44,Unnamed: 45,Unnamed: 46,Unnamed: 47,Unnamed: 48
,A3,,,,,Property,,,,,,,,,,,,,,,,,,,,,,,Property,,,,,,,,,,,,,,,,,,,
Inst ID,Paramter,LinkPathSize,LinkPath,DataType,Descriptor,★,▲,●,■,◊,○,⌂,Group,[Min],[Max],   [Default],Precision,K5100 Unit,Name,Description, [A3 Description],A3 Addr,Bits,Control Mode,Note,Known Issue,,CFG,¤,NEO-S Min,NEO-S Max,,G11,G12,G13,G14,G15,G16,G17,G18,G19,G20,G21,G22,G23,G24,G25,G26
1,PM.000,6,20.28.24.01.30.03,USINT,0x0000,,▲,●,,◊,,,1,0,3,0,,,MotorType,Motor Type,Motor type,0xFD00,16,All,"NEO-S (DSP): 9 (0) - SPM; 11 (2) - Linear; 6 (3) - Induction;
DSP: 0 - SPM; 2 - Linear; 3 - Induction;
12/06: Update DSP max and NEO-S max 
2021/01/19: remove NEO-S ID",,,8,¤,,,,√,,,,,,,,,,,,,,,
2,PN.010,6,20.28.24.01.30.04,SHORT_STRING,0x0000,,▲,,,◊,,,1,,,,,,MotorCatalogNumber,Motor Catalog Number,Motor Model[0]~[3],0xFC14,,All,Motor Catalog Number [0]-[15],,,8,¤,0,16,,√,,,,,,,,,,,,,,,
3,,6,20.28.24.01.30.05,SHORT_STRING,0x0010,★,,,,◊,,,1,,,,,,MotorManufacturer,Motor Manufacturer's Name,,,,All,"Manufacturer's Name 32 chars max
2019.01.10. Add default value ""ROCKWELL""",,,,,0,32,,,,,,,,,,,,,,,,,
4,PM.029,6,20.28.24.01.30.06,UINT,0x0000,,▲,●,,◊,,,1,0,65535,260,0.01,Amps (RMS),MotorRatedContinuousCurrent,Motor Rated Continuous Current,PM motor rated current,0xFD3A,16,All,"Combined with PM046, PM069
12/06: Max 6770 to 65535.
Can't be set to 0.
Default value needs update
12/18：RA & Delta檢查在不接馬達下預設是否為0
2019.01.07. No motor, no Power board, 400W, default 90. No motor with power board 400W default is 260. With TLP motor is 280.
Min should no less than Imax /8, varies by catalog:
Catalog / RatedContCurrent / RatedPeakCurrent / Min
2198-E1004-ERS / 2.60  /  6.50    /  33
2198-E1007-ERS / 5.10  /  15.41  /  64
2198-E1015-ERS / 7.90  /   23.7   /  99
2198-E1020-ERS / 13.40 /  53.03  / 168
2198-E1030-ERS / 17.90 /  55.95  /  224
2198-E2055-ERS / 41.30 /  91.40  /  517
2198-E2075-ERS / 49.00 /  127.49 / 613
2198-E2150-ERS / 78.00 /  162.00 / 975","
",,8,¤,,,,√,,,,,,,,,,,,,,,
5,PM.065,6,20.28.24.01.30.07,UINT,0x0000,,▲,,,◊,,,1,0,65535,220,,Volts (RMS),MotorRatedVoltage,Motor Rated Base Voltage,Motor Rated Voltage,0xFD82,16,All,2019.05.15. default changed from 311 to 220.,,,1,¤,,,,,,,,,,,,,,,,,,,
6,PM.067,6,20.28.24.01.30.08,UDINT,0x0000,,,,,◊,,,1,0,655350,40,0.01,kW,MotorRatedOutputPower,Motor Rated Output Power at Rated Frequency,,0xFD86,16,All,"Rated Power at Rated Freq Units.
12/06: Max 15000 to 65535, default 400 to 40, Unit W to 0.01 kW.
12/18：Delta修改預設值
2019.01.07. Debug board with no motor, 400W, default 400
2019.04.09. Default changed to 40.
2019.04.24. Delta remove ""set when servo off""",,,1,¤,,,,,,,,,,,,,,,,,,,
7,,6,20.28.24.01.30.0A,UINT,0x0010,★,,,,◊,,,1,0,100,80,,oC,MotorRatedWindingTemperature,Motor Rated Winding Temperature,,,,All,Rated Winding Temperature Units: [degrees C],,,,,,,,,,,,,,,,,,,,,,,
8,PM.032,6,20.28.24.01.30.0B,UINT,0x0000,,▲,●,,◊,,,1,0,28500,8000,,RPM,MotorMaxSpeed,Maximum allowed motor speed,Max. speed of PM motor,0xFD40,16,All,"Combined with PM048, PM072, name changed to Max Speed, follow MDO
01/02: Linear Motor (10^-5m/s)
2019.01.07: Valid After Re-power on?? From P2.052 min value issue.
2019.01.11.  Delta will add property ""Valid After Re-power on""
2019.02.19.Delta modified.",,,1,¤,,,,,,,,,,,,,,,,,,,
9,PM.028,6,20.28.24.01.30.0C,UINT,0x0000,,▲,●,,◊,,,1,0,500,10,,pole,RotaryMotorPoles,Number of poles in the motor,PM motor poles,0xFD38,16,All,"Combined with PM068
12/06: Max 32767 to 500, default 8 to 10. add property(▲)",,,8,¤,,,,√,,,,,,,,,,,,,,,
10,PM.033,6,20.28.24.01.30.0D,DINT,0x0000,,▲,,,◊,,,1,0,65535,0,0.001,N-m/Amps (RMS),PMMotorTorqueConstant,Permanent Magnet Motor Torque Constant,PM motor torque constant,0xFD42,16,All,"Change name to Torque Constant
12/06: Max 13850 to 65535
UINT is enough, changed or not?
12/18：維持Delta格式","
",,1,¤,,,,,,,,,,,,,,,,,,,
11,PM.034,6,20.28.24.01.30.0E,DINT,0x0000,,▲,,,◊,,,1,0,2147483647,0,0.001,10^-4kg-m^2,RotaryMotorInertia,Rotary Motor Inertia,PM motor inertia,0xFD44,32,All,Combined with PM073,,,1,¤,,,,,,,,,,,,,,,,,,,
12,PM.031,6,20.28.24.01.30.0F,INT,0x0000,,▲,●,,◊,,,1,0,28500,8000,,RPM,MotorRatedSpeed,Motor Rated Speed at Rated Frequency,PM motor rated speed,0xFD3E,16,All,"Combined with PM071, name change to Base Speed, follow MDO
2019.04.24. delta add ""valid after re-power on""",,,1,¤,,,,,,,,,,,,,,,,,,,
13,PN.040,6,20.28.24.01.30.16,SHORT_STRING,0x0010,★,,,■,◊,,,1,,,,,,MotorSerialNumber,Motor Serial Number from nameplate,"Motor Serial No. (CN2), String [0]~[3]",0xFC50,,All,Motor Serial Number [0]-[9],,,,,0,10,,,,,,,,,,,,,,,,,
14,,0,,USINT,0x0010,★,,,,◊,,,2,0,1,0,,,DataType,Data Type,,,,All,Determines the data type of position / speed / acceleration reference and feedback and all related attributes. 0 = DINT. Return 0 always,,,,,,,,,,,,,,,,,,,,,,,
15,,0,,USINT,0x0010,★,,,,◊,,,2,0,0,0,,,PositionDataUnit,Position Data Unit,,,,All,Determines the data unit of Position reference/feedback and all related attributes. 0 = CUU. Return 0 always,,,,,,,,,,,,,,,,,,,,,,,
16,,0,,USINT,0x0010,★,,,,◊,,,2,0,6,1,,,SpeedDataUnit,Speed Data Unit,,,,All,Determines the data unit of Speed reference / feedback and all related attributes. 1 = 0.1 RPM; 3 = 10^-6 m/s. Return 1 for rotary motor or 3 for linear motor.,,,,,,,,,,,,,,,,,,,,,,,
17,,0,,USINT,0x0010,★,,,,◊,,,2,0,6,1,,,AccelDataUnit,Acceleration Data Unit,,,,All,Determines the data unit of Acceleration (Deceleration) reference / feedback and all related attributes.1 = 0.1 RPM/s ; 3 = 10^-6 m/s2. Return 1 for rotary motor or 3 for linear motor.,,,,,,,,,,,,,,,,,,,,,,,
18,,0,,USINT,0x0010,★,,,,◊,,,2,0,1,1,,,TorqueDataUnit,Torque Data Unit,,,,All,"Determines the data unit of Torque reference/feedback and all related attributes. 0 = % (default), 1 = 0.1 %.  Return 1 always
2019.01.07. No motor, 400W, default 1 (NEO-S issue)
2019.04.19. Default changed from 0 to 1.",,,,,,,,,,,,,,,,,,,,,,,
19,,0,,USINT,0x0010,★,,,,◊,,,2,0,1,0,,,TorqueRampTimeUnit,Torque Ramp Time Unit,,,,All,Determines the data unit of Torque Ramp Time. 0 = millisecond. Return 0 always,,,,,,,,,,,,,,,,,,,,,,,
20,,0,,SINT,0x0000,,,,,◊, ○,,2,0,6,0,,,OperatingMode,Operating Mode,,,,IO,,,,,,,,,,,,,,,,,,,,,,,,
21,,0,,BOOL,0x0000,,,,,◊, ○,,2,0,1,0,,,ServoOn,Servo On,,,,IO,,,,,,,,,,,,,,,,,,,,,,,,
22,,0,,BOOL,0x0000,,,,,◊, ○,,2,0,1,0,,,ServoOff,Servo Off,,,,IO,,,,,,,,,,,,,,,,,,,,,,,,
23,,0,,BOOL,0x0000,,,,,◊, ○,,2,0,1,0,,,StopMotion,Stop Motion,,,,IO,,,,,,,,,,,,,,,,,,,,,,,,
24,,0,,BOOL,0x0000,,,,,◊, ○,,2,0,1,0,,,FaultReset,Fault Reset,,,,IO,,,,,,,,,,,,,,,,,,,,,,,,
25,,0,,BOOL,0x0000,,,,,◊, ○,,2,0,1,0,,,StartMotion,Start Motion,,,,IO,,,,,,,,,,,,,,,,,,,,,,,,
26,,0,,DINT,0x0000,,,,,◊, ○,,2,-80000,80000,0,,0.1RPM,SpeedReference,Speed Reference,,,,IO,01/02: Linear Motor (10^-6m/s),,,,,,,,,,,,,,,,,,,,,,,
27,,0,,DINT,0x0000,,,,,◊, ○,,2,458,30000000,150000,,0.1RPM/s,AccelReference,Acceleration Reference,,,,IO,01/02: Linear Motor (10^-6m/s2),,,,,,,,,,,,,,,,,,,,,,,
28,,0,,DINT,0x0000,,,,,◊, ○,,2,458,30000000,150000,,0.1RPM/s,DecelReference,Deceleration Reference,,,,IO,01/02: Linear Motor (10^-6m/s2),,,,,,,,,,,,,,,,,,,,,,,
29,,0,,SINT,0x0000,,,,,◊, ○,,2,0,38,0,,,HomingMethod,Homing Method,,,,IO,,,,,,,,,,,,,,,,,,,,,,,,
30,,0,,DINT,0x0000,,,,,◊, ○,,2,-2147483648,2147483647,0,,PUU,PositionReference,Position Reference,,,,IO,,,,,,,,,,,,,,,,,,,,,,,,
31,,0,,DINT,0x0000,,,,,◊, ○,,2,1,5000,200,,0.1RPM,HomeReturnSpeed,Home Return Speed,,,,IO,01/02: Linear Motor (10^-6m/s),,,,,,,,,,,,,,,,,,,,,,,
32,,0,,SINT,0x0000,,,,,◊, ○,,2,0,3,0,,,NonCyclicMoveType,Non Cyclic Move Type,,,,IO,,,,,,,,,,,,,,,,,,,,,,,,
33,,0,,DINT,0x0000,,,,,◊, ○,,2,-4000,4000,0,,%,TorqueReference,Torque Reference,,,,IO,,,,,,,,,,,,,,,,,,,,,,,,
34,,0,,DINT,0x0000,,,,,◊, ○,,2,1,65500,1000,,ms,TorqueRampTime,Torque Ramp Time,,,,IO,,,,,,,,,,,,,,,,,,,,,,,,
35,,0,,BOOL,0x0000,,,,,◊, ○,,2,0,1,0,,,PositionCommandOverlap,Position Command Overlap,,,,IO,12/10: Name per Device profile.,,,,,,,,,,,,,,,,,,,,,,,
36,,0,,BOOL,0x0000,,,,,◊, ○,,2,0,1,0,,,PositionCommandOverride,Position Command Override,,,,IO,12/10: Name per Device profile.,,,,,,,,,,,,,,,,,,,,,,,
37,,0,,SINT,0x0000,,,,,◊, ○,,2,0,10,2,,,TravelMode,Travel Mode,,,,IO,12/10: Name per Device profile.,,,,,,,,,,,,,,,,,,,,,,,
38,,0,,SINT,0x0000,,,,,◊, ○,,2,0,2,0,,,CyclicMoveType,Cyclic Move Type,,,,IO,,,,,,,,,,,,,,,,,,,,,,,,
39,,0,,BOOL,0x0000,,,,,◊, ○,,2,0,1,0,,,CapturedPositionSelect,Captured Position Select,,,,IO,,,,,,,,,,,,,,,,,,,,,,,,
40,,0,,SINT,0x0000,,,,,◊, ○,,2,0,99,0,,,StartingIndex,Starting Index,,,,IO,,,,,,,,,,,,,,,,,,,,,,,,
41,,0,,SINT,0x0010,★,,,,◊, ○,,2,0,1,0,,,NetworkMode,Network Mode,,,,IO,,,,,,,,,,,,,,,,,,,,,,,,
42,,0,,SINT,0x0010,★,,,,◊, ○,,2,0,6,0,,,OperatingModeState,Operating Mode State,,,,IO,7/24/2019: its name should be changed to 'OperatingMode' in AOP,,,,,,,,,,,,,,,,,,,,,,,
43,,0,,BOOL,0x0010,★,,,,◊, ○,,2,0,1,0,,,AtReference,At Reference,,,,IO,,,,,,,,,,,,,,,,,,,,,,,,
44,,0,,BOOL,0x0010,★,,,,◊, ○,,2,0,1,0,,,Ready,Ready,,,,IO,,,,,,,,,,,,,,,,,,,,,,,,
45,,0,,BOOL,0x0010,★,,,,◊, ○,,2,0,1,0,,,Active,Active,,,,IO,,,,,,,,,,,,,,,,,,,,,,,,
46,,0,,BOOL,0x0010,★,,,,◊, ○,,2,0,1,0,,,WarningPresent,Warning Present,,,,IO,,,,,,,,,,,,,,,,,,,,,,,,
47,,0,,BOOL,0x0010,★,,,,◊, ○,,2,0,1,0,,,Fault,Fault,,,,IO,12/10: Name per Device profile.,,,,,,,,,,,,,,,,,,,,,,,
48,,0,,BOOL,0x0010,★,,,,◊, ○,,2,0,1,0,,,Stopped,Stopped,,,,IO,,,,,,,,,,,,,,,,,,,,,,,,
49,,0,,INT,0x0010,★,,,,◊, ○,,2,0,32767,0,,,FaultCode,Fault Code,,,,IO,12/10: Name per Device profile.,,,,,,,,,,,,,,,,,,,,,,,
50,,0,,INT,0x0010,★,,,,◊, ○,,2,0,32767,0,,,WarningCode,Warning Code,,,,IO,12/10: Name per Device profile.,,,,,,,,,,,,,,,,,,,,,,,
51,,0,,DINT,0x0010,★,,,,◊, ○,,2,-2147483648,2147483647,0,,PUU,ActualPosition,Actual Position,,,,IO,,,,,,,,,,,,,,,,,,,,,,,,
52,,0,,DINT,0x0010,★,,,,◊, ○,,2,-80000,80000,0,,0.1RPM,ActualSpeed,Actual Speed,,,,IO,,,,,,,,,,,,,,,,,,,,,,,,
53,,0,,DINT,0x0010,★,,,,◊, ○,,2,-4000,4000,0,,%,ActualTorque,Actual Torque,,,,IO,01/02: Linear Motor (10^-6m/s),,,,,,,,,,,,,,,,,,,,,,,
54,,0,,SINT,0x0010,★,,,,◊, ○,,2,0,99,0,,,ActiveIndex,Active Index,,,,IO,,,,,,,,,,,,,,,,,,,,,,,,
55,P0.025,0,,UDINT,0x0010,★,,,■,,,,4,0,0xFFFFFFFF,0,,,ParameterMonitor1Value,Parameter Monitor 1 Value,Status Monitor Register 1,0x0032,32,All,12/10: Parameter monitor new function,,,,,,,,,,,,,,,,,,,,,,,
56,P0.026,0,,UDINT,0x0010,★,,,■,,,,4,0,0xFFFFFFFF,0,,,ParameterMonitor2Value,Parameter Monitor 2 Value,Status Monitor Register 2,0x0034,32,All,12/10: Parameter monitor new function,,,,,,,,,,,,,,,,,,,,,,,
57,P0.027,0,,UDINT,0x0010,★,,,■,,,,4,0,0xFFFFFFFF,0,,,ParameterMonitor3Value,Parameter Monitor 3 Value,Status Monitor Register 3,0x0036,32,All,12/10: Parameter monitor new function,,,,,,,,,,,,,,,,,,,,,,,
58,P0.028,0,,UDINT,0x0010,★,,,■,,,,4,0,0xFFFFFFFF,0,,,ParameterMonitor4Value,Parameter Monitor 4 Value,Status Monitor Register 4,0x0038,32,All,12/10: Parameter monitor new function,,,,,,,,,,,,,,,,,,,,,,,
59,P0.029,0,,UDINT,0x0010,★,,,■,,,,4,0,0xFFFFFFFF,0,,,ParameterMonitor5Value,Parameter Monitor 5 Value,Status Monitor Register 5,0x003A,32,All,12/10: Parameter monitor new function,,,,,,,,,,,,,,,,,,,,,,,
60,P0.035,0,,UINT,0x0000,,,,,,,,4,1,687,1,,,ParameterMonitor1Selection,Parameter Monitor 1 Selection,Display Status Monitor 1,0x0046,16,All,12/10: Parameter monitor new function,,,1,¤,,,,,,,,,,,,,,,,,,,
61,P0.036,0,,UINT,0x0000,,,,,,,,4,1,687,1,,,ParameterMonitor2Selection,Parameter Monitor 2 Selection,Display Status Monitor 2,0x0048,16,All,12/10: Parameter monitor new function,,,1,¤,,,,,,,,,,,,,,,,,,,
62,P0.037,0,,UINT,0x0000,,,,,,,,4,1,687,1,,,ParameterMonitor3Selection,Parameter Monitor 3 Selection,Display Status Monitor 3,0x004A,16,All,12/10: Parameter monitor new function,,,1,¤,,,,,,,,,,,,,,,,,,,
63,P0.038,0,,UINT,0x0000,,,,,,,,4,1,687,1,,,ParameterMonitor4Selection,Parameter Monitor 4 Selection,Display Status Monitor 4,0x004C,16,All,12/10: Parameter monitor new function,,,1,¤,,,,,,,,,,,,,,,,,,,
64,P0.039,0,,UINT,0x0000,,,,,,,,4,1,687,1,,,ParameterMonitor5Selection,Parameter Monitor 5 Selection,Display Status Monitor 5,0x004E,16,All,12/10: Parameter monitor new function,,,1,¤,,,,,,,,,,,,,,,,,,,
65,,0,,BOOL,0x0010,★,,,,◊, ○,,2,0,1,0,,,HomedStatus,Homed Status,,,,IO,,,,,,,,,,,,,,,,,,,,,,,,
66,,0,,BOOL,0x0010,★,,,,◊, ○,,2,0,1,0,,,CommandInProgress,Command In Progess,,,,IO,,,,,,,,,,,,,,,,,,,,,,,,
67,,0,,SINT,0x0010,★,,,,◊, ○,,2,0,2,0,,,MotorCategory,Motor Category,,,,IO,"0 – No motor 1 – Rotary motor(SPM, Induction...) 2 – Linear motor 
2019.01.07. No motor, 400W, default 0 (Neo-s issue) 
2019.04.19. Default changed from 1 to 0.
2019.07.24: its name should be changed to 'MoveType' in AOP",,,,,,,,,,,,,,,,,,,,,,,
68,,0,,BOOL,0x0010,★,,,,◊, ○,,2,0,1,0,,,Uncertain,Uncertain,,,,IO,,,,,,,,,,,,,,,,,,,,,,,,
69,,0,,SINT,0x0000,,,,,◊, ○,,2,0,4,0,,,CamMasterReference,Cam Master Reference,,,,IO,"Sets the master position reference
0 - Reserved
1 – Auxiliary encoder
2 – Pulse Command (I/O terminal)
3 – Reserved 
4 – Virtual Pulse from Timeline (1K Hz)",,,,,,,,,,,,,,,,,,,,,,,
70,,0,,BOOL,0x0000,,,,,◊, ○,,2,0,1,0,,,CamStopMode,Cam Stop Mode,,,,IO,"Sets CAM stop mode
0 – stop immediately
1 – decelerate and stop",,,,,,,,,,,,,,,,,,,,,,,
71,,0,,SINT,0x0000,,,,,◊, ○,,2,0,4,0,,,CamExecutionSchedule,Cam Execution Schedule,,,,IO,"Selects the method used to execute the cam profile.
0 = Immediate – The slave axis is immediately locked to the master axis and the position camming process begins.
1 = Reserved
2 = Forward only – the cam profile starts when the master position crosses the Master Lock Position in the forward direction.
3 = Reverse only – the cam profile starts when the master position crosses the Master Lock Position in the reverse direction.
4 = Shorteset Path – the cam profile starts when the master position crosses the Master Lock Position in the shortest path.",,,,,,,,,,,,,,,,,,,,,,,
72,,0,,SINT,0x0000,,,,,◊, ○,,2,0,1,0,,,CamExecutionMode,Cam Execution Mode,,,,IO,"Determines if the cam profile is executed only one time or repeatedly:
0 = Once – cam motion of slave axis is executed one time according to the value of CamMasterUnlockCounts, and then the Process Complete bit is set. 
1 = Continuous – Once started the cam profile is executed indefinitely. This feature is useful in rotary applications where it is necessary that the cam position run continuously in a rotary or reciprocating fashion.",,,,,,,,,,,,,,,,,,,,,,,
73,,0,,DINT,0x0000,,,,,◊, ○,,2,-2147000000,2147000000,1000000,,0.000001 times,CamSlaveScaling,Cam Slave Scaling,,,,IO,Scales the total distance covered by the slave axis through the cam profile.,,,,,,,,,,,,,,,,,,,,,,,
74,,0,,DINT,0x0000,,,,,◊, ○,,2,10,1073741823,3600,,,CamLockPosition,Cam Lock Position,,,,IO,This determines the starting location in the cam profile.,,,,,,,,,,,,,,,,,,,,,,,
75,,0,,DINT,0x0000,,,,,◊, ○,,2,-1073741824,1073741823,0,,,CamMasterLeadingCounts,Cam Master Leading Counts,,,,IO,This determines the leading counts (master axis) before the cam profile is executed.,,,,,,,,,,,,,,,,,,,,,,,
76,,0,,DINT,0x0000,,,,,◊, ○,,2,-1073741824,1073741823,0,,,CamMasterUnlockCounts,Cam Master Unlock Counts,,,,IO,"This determines the unlock counts (master axis) when the cam profile is executed.
Valid only when CamExecutionMode = 0 (Once)",,,,,,,,,,,,,,,,,,,,,,,
77,,0,,DINT,0x0000,,,,,◊, ○,,2,-2147483648,2147483647,0,,,CamMasterCyclicLeadingCounts,Cam Master Cyclic Leading Counts,,,,IO,"This determines the cyclic leading counts (master axis) during the cam profile is executed. 
Valid only when CamExecutionMode = 1 (Continous)",,,,,,,,,,,,,,,,,,,,,,,
78,,0,,DINT,0x0000,,,,,◊, ○,,2,1,536870911,16777216,,,SlaveCounts,Gear Ratio Slave Counts (MAG),,,,IO,Integer value representing slave counts used in specifying a Fractional gear ratio.,,,,,,,,,,,,,,,,,,,,,,,
79,,0,,DINT,0x0000,,,,,◊, ○,,2,1,2147483647,100000,,,MasterCounts,Gear Ratio Master Counts (MAG),,,,IO,Integer value representing master counts used in specifying a Fractional gear ratio.,,,,,,,,,,,,,,,,,,,,,,,
80,,0,,USINT,0x0010,★,,,,◊,,,255,0,0,0,,,Reserved,Reserved80,,,,,,,,,,,,,,,,,,,,,,,,,,,,
81,,0,,DINT,0x0000,,,,,◊, ○,,2,-1073741824,1073741823,0,,,CamMasterLockPosition,Cam Master Lock Position,,,,IO,"This determines the master location where the slave axis locks to the mater axis.
Valid only when CamExecutionSchedule = 2, 3, 4",,,,,,,,,,,,,,,,,,,,,,,
82,,0,,USINT,0x0010,★,,,,◊,,,255,0,0,0,,,Reserved,Reserved82,,,,,,,,,,,,,,,,,,,,,,,,,,,,
83,,0,,USINT,0x0010,★,,,,◊,,,255,0,0,0,,,Reserved,Reserved83,,,,,,,,,,,,,,,,,,,,,,,,,,,,
84,,0,,USINT,0x0010,★,,,,◊,,,255,0,0,0,,,Reserved,Reserved84,,,,,,,,,,,,,,,,,,,,,,,,,,,,
85,,0,,USINT,0x0010,★,,,,◊,,,255,0,0,0,,,Reserved,Reserved85,,,,,,,,,,,,,,,,,,,,,,,,,,,,
86,,0,,USINT,0x0010,★,,,,◊,,,255,0,0,0,,,Reserved,Reserved86,,,,,,,,,,,,,,,,,,,,,,,,,,,,
87,,0,,USINT,0x0010,★,,,,◊,,,255,0,0,0,,,Reserved,Reserved87,,,,,,,,,,,,,,,,,,,,,,,,,,,,
88,,0,,USINT,0x0010,★,,,,◊,,,255,0,0,0,,,Reserved,Reserved88,,,,,,,,,,,,,,,,,,,,,,,,,,,,
89,,0,,USINT,0x0010,★,,,,◊,,,255,0,0,0,,,Reserved,Reserved89,,,,,,,,,,,,,,,,,,,,,,,,,,,,
90,,0,,USINT,0x0010,★,,,,◊,,,255,0,0,0,,,Reserved,Reserved90,,,,,,,,,,,,,,,,,,,,,,,,,,,,
91,,0,,USINT,0x0010,★,,,,◊,,,255,0,0,0,,,Reserved,Reserved91,,,,,,,,,,,,,,,,,,,,,,,,,,,,
92,,0,,USINT,0x0010,★,,,,◊,,,255,0,0,0,,,Reserved,Reserved92,,,,,,,,,,,,,,,,,,,,,,,,,,,,
93,,0,,USINT,0x0010,★,,,,◊,,,255,0,0,0,,,Reserved,Reserved93,,,,,,,,,,,,,,,,,,,,,,,,,,,,
94,,0,,USINT,0x0010,★,,,,◊,,,255,0,0,0,,,Reserved,Reserved94,,,,,,,,,,,,,,,,,,,,,,,,,,,,
95,,0,,USINT,0x0010,★,,,,◊,,,255,0,0,0,,,Reserved,Reserved95,,,,,,,,,,,,,,,,,,,,,,,,,,,,
96,,0,,USINT,0x0010,★,,,,◊,,,255,0,0,0,,,Reserved,Reserved96,,,,,,,,,,,,,,,,,,,,,,,,,,,,
97,,0,,USINT,0x0010,★,,,,◊,,,255,0,0,0,,,Reserved,Reserved97,,,,,,,,,,,,,,,,,,,,,,,,,,,,
98,,0,,UDINT,0x0010,★,,,,◊, ○,,2,0x00000000,0xFFFFFFFF,0x00000000,,,DriveConnectionStatus,Drive Connection Status,,,,,,,,,,,,,,,,,,,,,,,,,,,,
99,,0,,UDINT,0x0010,★,,,,◊, ○,,2,0x00000000,0xFFFFFFFF,0x00000000,,,DriveConfigurationSignature,Drive Configuration Signature,,,,,,,,8,,,,,,,,,,,,,,,,,,,,
100,P0.000,0,,INT,0x0010,★,,,■,,,,3,-32768,32767,0,,,DSPFwVer,DSP Firmware Version,Firmware Version,0x0000,16,All,"High 8bit-Major version, Low 8bit-Minor version",,,,,,,,,,,,,,,,,,,,,,,
101,P0.001,0,,UINT,0x0000,,,,■,,,,8,0x0000,0xFFFF,0x0000,,,FltWarnCode,Fault/Warning Code,Alarm Display of the Drive,0x0002,16,All,01/02: NOT Config (reset fault only),,,,¤,,,,,,,,,,,,,,,,,,,
102,P0.002,0,,INT,0x0000,,,,,,,,4,-300,127,1,,,LEDMonitorSelection,LED Monitor Selection,Drive Status,0x0004,16,All,"2019.01.07. No motor, 400W, default 1, 
Min and Max need update.
2019.02.19. Keep it per delta's need.
2019.05.23. default changed from 0 to 1.",,,1,¤,,,,,,,,,,,,,,,,,,,
103,P0.003,0,,UINT,0x0000,,,,,,,⌂,3,0x0000,0x0077,0x0000,,,AOMonitorSelection,Analog Output Monitor Selection,Analog Monitor Output,0x0006,16,All,,,,2,¤,,,,,,,,,,,,,,,,,,,
104,P0.008,0,,UDINT,0x0010,★,,,,,,,8,0x00000000,0xFFFFFFFF,0x00000000,,Hour,PowerOnTime,Power On Time,Servo Startup Time,0x0010,32,All,,,,,,,,,,,,,,,,,,,,,,,,
105,,0,,USINT,0x0010,★,,,,◊,,,255,0,0,0,,,Reserved105,Reserved105,,,,,2019.04.19. deleted P0.044 PCMonitorValue,,,,,,,,,,,,,,,,,,,,,,,
106,,0,,USINT,0x0010,★,,,,◊,,,255,0,0,0,,,Reserved106,Reserved106,,,,,"01/02: NOT Config (for KNX5100C only)
2019.01.07. No motor, 400W, default -141, will delete?? If yes, ignore it.
2019.01.30. changed to read-only.
2019.04.19. deleted P0.045 PCMonitorSelection",,,,,,,,,,,,,,,,,,,,,,,
107,P0.046,0,,UINT,0x0010,★,,,■,,,,4,0x0000,0x0FFF,0x0000,,,ServoOutputStatus,Servo Output Status,Servo Digital Output Status Display,0x005C,16,All,Add Bit11-AtHome. ,,,,,,,,,,,,,,,,,,,,,,,
108,P0.049,0,,UINT,0x0000,,,,■,,,⌂,3,0x0000,0x0002,0x0000,,,EncoderDataUpdateConfiguration,Encoder Data Update Configuration,Renew Encoder Absolute Position,0x0062,16,All,,,,2,¤,,,,,,,,,,,,,,,,,,,
109,P0.050,0,,UINT,0x0010,★,,,■,,,,8,0x0000,0x001F,0x0000,,,AbsSysStatus,Absolute System Status,Absolute Coordinate System Status,0x0064,16,All,,,,,,,,,,,,,,,,,,,,,,,,
110,P0.051,0,,DINT,0x0010,★,,,■,,,,4,-32768,32767,0,,Rev,MultiTurnAbsPosition,Absolute Position (Multiturn),Encoder Absolute Position (Multiturn),0x0066,32,All,"why 32 bits?
12/18：目前先保持32bit",,,,,,,,,,,,,,,,,,,,,,,
111,P0.052,0,,DINT,0x0010,★,,,■,,,,4,-2147483648,2147483647,0,,Counts,SingleTurnAbsPosition,Absolute Position (Singleturn),Encoder Absolute Position (Pulse number within Singleturn or PUU),0x0068,32,All,,,,,,,,,,,,,,,,,,,,,,,,
112,P0.053,0,,UINT,0x0000,,,,,,,⌂,3,0x0000,0x000F,0x0000,,ms,SystemVariableMonitorFilterTime,System Variable Monitor Filtering Time,General Range Compare Digital Output – Filtering Time,0x006A,16,All,,,,2,¤,,,,,,,,,,,,,,,,,,,
113,P0.054,0,,DINT,0x0000,,,,,,,,3,-2147483648,2147483647,0,,,SystemVariableMonitorLowerLimit,System Variable Monitor Lower Limit,General Range Compare Digital Output – Lower Limit of 1st Monitoring Variable,0x006C,32,All,,,,2,¤,,,,,,,,,,,,,,,,,,,
114,P0.055,0,,DINT,0x0000,,,,,,,,3,-2147483648,2147483647,0,,,SystemVariableMonitorUpperLimit,System Variable Monitor Upper Limit,General Range Compare Digital Output – Upper Limit of 1st Monitoring Variable,0x006E,32,All,,,,2,¤,,,,,,,,,,,,,,,,,,,
115,P0.063,0,,DINT,0x0010,★,,,,,,,8,0,2147483647,0,,ms,Exceed400VDuration,Duration of Voltage Exceeding 400V,Duration of voltage exceeding 400V,0x007E,32,All,"why not read-only?  Readonly already.
2019.04.24. UDINT to DINT. Hex to Dec.",,,,,,,,,,,,,,,,,,,,,,,
116,P1.000,0,,UINT,0x0000,,▲,,,,,⌂,3,0x0000,0x11F7,0x1042,,,ExternalPulseType,External Pulse Input Type,The Type of External Pulse Input,0x0100,16,PT/IO,2019.01.11. Default changed form 0x0082 to 0x1042,,,2,¤,,,,,,√,,,,,,,,,,,,,
117,P1.001,0,,UINT,0x0000,,,●,,,,⌂,3,0x0000,0x110F,0x0000,,,ControlMode,Control Mode,Input Setting of Control Mode and Control Command,0x0102,16,All,"2019.01.23. Max should be 0x110F. 0x0010 can be set from NEO-S side.
2019.01.30. fixed in v4000-9095
2020.07.02. K5100 will see default value definition is 0x1000, but actually default value for user is 0x0000",,,8,¤,,,,√,√,,,,,,,,,,,,,,
118,P1.002,0,,UINT,0x0000,,▲,,,,,⌂,3,0x0000,0x0011,0x0000,,,VelocityTorqueLimitAction,Velocity To Torque Limit Action,Speed and Torque Limit Setting,0x0104,16,All,,,,2,¤,,,,,,,,,√,,,,,,,,,,
119,P1.003,0,,UINT,0x0000,,,,,,,⌂,3,0x0000,0x0013,0x0000,,,EncoderOutputPolarity,Encoder Output Polarity,Polarity Setting of Encoder Pulse Output,0x0106,16,All,,,,2,¤,,,,,,√,,,,,,,,,,,,,
120,P1.004,0,,INT,0x0000,,,,,,,,3,0,100,100,,%,AnalogOutput1Scale,Analog Output 1 Scale,MON1 Analog Monitor Output Proportion,0x0108,16,All,"Why datatype fillcolor is red?
12/31: removed the fillcolor",,,2,¤,,,,,,,,,,,,,,,,,,,
121,P1.005,0,,INT,0x0000,,,,,,,,3,0,100,100,,%,AnalogOutput2Scale,Analog Output 2 Scale,MON2 Analog Monitor Output Proportion,0x010A,16,All,"Why datatype fillcolor is red?
12/31: removed the fillcolor",,,2,¤,,,,,,,,,,,,,,,,,,,
122,P1.006,0,,INT,0x0000,,,,,,,,5,0,1000,0,,ms,VelocityCmdLowPassFilterTime,Velocity Command Low Pass Filter Time Constant,Smooth constant of speed command (Low-pass filter),0x010C,16,S/Sz/IO,,,,1,¤,,,,,,,,√,,,,,,,,,,,
123,P1.007,0,,INT,0x0000,,,,,,,,5,0,1000,0,,ms,TorqueCmdLowPassFilterTime,Torque Command Low Pass Filter Time Constant,Smooth constant of torque command (Low-pass filter),0x010E,16,T/Tz/IO,,,,1,¤,,,,,,,,√,,,,,,,,,,,
124,P1.008,0,,INT,0x0000,,,,,,,,5,0,1000,0,,10ms,PositionCmdLowPassFilterTime,Position Command Low Pass Filter Time Constant,Smooth Constant of Position Command (Low-pass Filter),0x0110,16,PT/PR/IO,,,,1,¤,,,,,,,,√,,,,,√,,,,,,
125,P1.009,0,,DINT,0x0000,,,,,,,,3,"-285000
-15999999","285000
15999999","1000
1000","0.1
1","RPM
um/s",PresetVelocityCmd_Limit_1,Preset Velocity Command/Limit 1,Internal Speed Command 1 / Internal Speed Limit 1,0x0112,32,S/Sz/T/Tz/IO,"Setting range: -15999999~15999999 for linear motor, Rotary Motor -80000~80000
2019.01.18. Default chaged from 10000 to 1000. 
2021.01.27: with linear motor speed control, limit range in -2000000~20000000",,,2,¤,,,,,,,,,,,,,,,,,,,
126,P1.010,0,,DINT,0x0000,,,,,,,,3,"-285000
-15999999","285000
15999999","2000
2000","0.1
1","RPM
um/s",PresetVelocityCmd_Limit_2,Preset Velocity Command/Limit 2,Internal Speed Command 2 / Internal Speed Limit 2,0x0114,32,S/Sz/T/Tz/IO,"Setting range: -15999999~15999999 for linear motor, Rotary Motor -80000~80000
2019.01.18. Default chaged from 20000 to 2000.
2021.01.27: with linear motor speed control, limit range in -2000000~20000000",,,2,¤,,,,,,,,,,,,,,,,,,,
127,P1.011,0,,DINT,0x0000,,,,,,,,3,"-285000
-15999999","285000
15999999","3000
3000","0.1
1","RPM
um/s",PresetVelocityCmd_Limit_3,Preset Velocity Command/Limit 3,Internal Speed Command 3 / Internal Speed Limit 3,0x0116,32,S/Sz/T/Tz/IO,"Setting range: -15999999~15999999 for linear motor, Rotary Motor -80000~80000
2019.01.18. Default chaged from 30000 to 3000.
2021.01.27: with linear motor speed control, limit range in -2000000~20000000",,,2,¤,,,,,,,,,,,,,,,,,,,
128,P1.012,0,,INT,0x0000,,,,,,,,3,-420,420,100,,%,PresetTorqueCmd_Limit_1,Preset Torque Command/Limit 1,Internal Torque Command 1 / Internal Torque Limit 1,0x0118,16,T/Tz/PT/PR/S/Sz/IO,2019.10.31: max&min: 400-->420.,,,2,¤,,,,,,,,,√,,,,,,,,,,
129,P1.013,0,,INT,0x0000,,,,,,,,3,-420,420,100,,%,PresetTorqueCmd_Limit_2,Preset Torque Command/Limit 2,Internal Torque Command 2 / Internal Torque Limit 2,0x011A,16,T/Tz/PT/PR/S/Sz/IO,2019.10.31: max&min: 400-->420.,,,2,¤,,,,,,,,,√,,,,,,,,,,
130,P1.014,0,,INT,0x0000,,,,,,,,3,-420,420,100,,%,PresetTorqueCmd_Limit_3,Preset Torque Command/Limit 3,Internal Torque Command 3 / Internal Torque Limit 3,0x011C,16,T/Tz/PT/PR/S/Sz/IO,2019.10.31: max&min: 400-->420.,,,2,¤,,,,,,,,,√,,,,,,,,,,
131,P1.019,0,,UDINT,0x0000,,,,,,,⌂,9,0x00000000,0x6F000101,0x2D000000,,,DI9CaptureAndCompareConfiguration,DI9 Capture And Compare Configuration,CAPTURE / COMPARE – Additional Function Settings,0x0126,16,All,,,,3,¤,,,,,,,,,,,,,,,,,,√,
132,P1.020,0,,DINT,0x0000,,,,,,,,9,0,100000000,0,,,DI9CaptureMaskRange,DI9 Capture Mask Range,CAPTURE – Masking Range Setting,0x0128,32,All,2019.04.24. UDINT to DINT.,,,3,¤,,,,,,,,,,,,,,,,,,√,
133,P1.023,0,,DINT,0x0000,,,,,,,,9,-10000000,10000000,0,,,NonVolatileCompareDataOffset,Compare Data Offset (Non-Volatile),Compare data offset (Value of P1-23 are remain unchanged),0x012E,32,All,,,,3,¤,,,,,,,,,,,,,,,,,,,
134,P1.024,0,,INT,0x0000,,,,■,,,,9,-32768,32767,0,,,VolatileCompareDataOffset,Compare Data Offset (Volatile),COMPARE – Compare data offset(Automatically set P1-24 to 0),0x0130,16,All,,,,3,¤,,,,,,,,,,,,,,,,,,,
135,P1.025,0,,INT,0x0000,,,,,,,,5,10,1000,1000,0.1,Hz,LowFreqVibrationSuppression1Frequency,Low-frequency Vibration Suppression 1 Frequency,Low-frequency Vibration Supression (1),0x0132,16,PT/PR/IO,,,,1,¤,,,,,,,,,,,,,,,,,,,
136,P1.026,0,,INT,0x0000,,,,,,,,5,0,9,0,,,LowFreqVibrationSuppression1Gain,Low-frequency Vibration Suppression 1 Gain,Low-frequency Vibration Supression Gain (1),0x0134,16,PT/PR/IO,,,,1,¤,,,,,,,,,,,,,,,,,,,
137,P1.027,0,,INT,0x0000,,,,,,,,5,10,1000,1000,0.1,Hz,LowFreqVibrationSuppression2Frequency,Low-frequency Vibration Suppression 2 Frequency,Low-frequency Vibration Supression (2),0x0136,16,PT/PR/IO,,,,1,¤,,,,,,,,,,,,,,,,,,,
138,P1.028,0,,INT,0x0000,,,,,,,,5,0,9,0,,,LowFreqVibrationSuppression2Gain,Low-frequency Vibration Suppression 2 Gain,Low-frequency Vibration Supression Gain (2),0x0138,16,PT/PR/IO,,,,1,¤,,,,,,,,,,,,,,,,,,,
139,P1.029,0,,INT,0x0000,,,,,,,,3,0,1,0,,,LowFreqVibrationSuppressionMode,Low-frequency Vibration Suppression Mode Setting,Auto Low-frequency Vibration Suppression Setting,0x013A,16,PT/PR/IO,,,,2,¤,,,,,,,,,,,,,,,,,,,
140,P1.030,0,,DINT,0x0000,,,,,,,,3,1,128000,8000,,Counts,LowFreqVibrationDetectionLevel,Low-frequency Vibration Detection Level,Low-frequency Vibration Detection,0x013C,32,PT/PR/IO,"12/18: Delta modified Max 5000 to 128000, default 500 to 8000
why 32 bits?
Delta：Range error
12/18：Delta的參數範圍錯誤，已更新，需要32bit",,,2,¤,,,,,,,,,,,,,,,,,,,
141,P1.034,0,,UINT,0x0000,,,,,,,,5,1,65500,200,,ms,SCurveAccelTime,Acceleration Time Constant of S-Curve Velocity Profile,Acceleration Constant of S-Curve,0x0144,16,S/Sz/IO,,,,1,¤,,,,,,,,√,,,,,√,,,,,,
142,P1.035,0,,UINT,0x0000,,,,,,,,5,1,65500,200,,ms,SCurveDecelTime,Deceleration Time Constant of S-Curve Velocity Profile,Deceleration Constant of S-Curve,0x0146,16,S/Sz/IO,,,,1,¤,,,,,,,,√,,,,,√,,,,,,
143,P1.036,0,,UINT,0x0000,,,,,,,,5,0,65500,0,,ms,SCurveSmoothTime,Smoothing Time of S-Curve,Accel /Decel Constant of S-curve,0x0148,16,PR/S/Sz/IO,,,,1,¤,,,,,,,,√,,,,,√,,,,,,
144,P1.037,0,,UINT,0x0000,,,,,,,,5,0,2000,60,,Load Inertia/Motor Inertia,LoadInertiaRatio,Load Inertia Ratio,Inertia Ratio and Load Weight Ratio to Servo Motor,0x014A,16,All,Follow A3 range: (1)Panel/Soft: 0-200 (2)Communication(parameter object): 0-2000,,,1,¤,,,,,,,,,,,√,,√,,,,,,
145,P1.038,0,,INT,0x0000,,,,,,,,3,1,2000,100,0.1,"RPM
mm/s",ZeroSpeedWindow,Zero Speed Window,Zero Speed Range Setting,0x014C,16,All,"Follow A3 range: (1)Panel/Soft: 0-200 (2)Communication(parameter object): 0-2000
2019/04/17: Delta changed min value from 0 to 1.",,,2,¤,,,,,√,,,,,,,,,,,,,,
146,P1.039,0,,INT,0x0000,,,,,,,,3,"0
0","25000
15999","3000
3000",,"RPM
mm/s",UpToSpeedLimit,Up to Speed Limit,Target Speed Detection Level,0x014E,16,All,"Setting range: 0-15999 for Linear Motor, 0-30000 for rotary motor
2019.01.07. Unit is rpm in A3 manual, seems rpm is more reasonable
2019.02.20. delta confirmed ""RPM""",,,2,¤,,,,,,,,,,,,,,,,,,,
147,P1.040,0,,DINT,0x0000,,,,,,,,3,"0
0","28500
15998","8000
15998",,"RPM
mm/s",AnalogToVelocityScale,Analog To Velocity Scale,Maximum Output of Analog Speed Command,0x0150,32,S/Sz/T/Tz/IO,"why 32 bits?
12/18：Delta內部再做確認
2018.01.07. Delta update Max from 5000 to 50000
2019.01.22. v400_9050 max is 5000
2019.02.18.v4001_9004 max is 50000, correct.",,,2,¤,,,,,,,,,,,,,,,,,,,
148,P1.041,0,,INT,0x0000,,▲,,,,,,3,-1000,1000,100,,%,AnalogToTorqueScale,Analog To Torque Scale,Maximum Output of Analog Torque Command,0x0152,16,All,,,,2,¤,,,,,,,,,,,,,,,,,,,
149,P1.042,0,,INT,0x0000,,,,,,,,3,0,1000,0,,ms,BrakeOnDelay,Magnetic Brake On Delay,Enable Delay Time of Brake,0x0154,16,All,"since brake function is removed, still need these two param?
12/18：RA、Delta內部分別先進行確認
12/31: Confirmed, follow A3",,,2,¤,,,,,√,,,,,,,,,,,,,,
150,P1.043,0,,INT,0x0000,,,,,,,,3,-1000,1000,0,,ms,BrakeOffDelay,Magnetic Brake Off Delay,Disable Delay Time of Brake,0x0156,16,All,"since brake function is removed, still need these two param?
12/18：RA、Delta內部分別先進行確認
12/31: Confirmed, follow A4",,,2,¤,,,,,√,,,,,,,,,,,,,,
151,P1.044,0,,DINT,0x0000,,,,,,,,3,1,536870911,16777216,,Counts,GearRatioFollowerCountsN1,Gear Ratio Follower Counts (N1),Electronic Gear Ratio (Numerator) (N1),0x0158,32,PT/PR/IO,"2019.04.24. Removed ""set when servo-off"" since it can be set in PT mode.",,,2,¤,,,,,,,√,,,,,,,,,,,,
152,P1.045,0,,DINT,0x0000,,,,,,,,3,1,2147483647,100000,,Counts,GearRatioMasterCounts,Gear Ratio Master Counts (M),Electronic Gear Ratio (Denominator) (M),0x015A,32,PT/PR/IO,,,,2,¤,,,,,,,√,,,,,,,,,,,,
153,P1.046,0,,DINT,0x0000,,▲,,,,,,3,1,536870912,2500,,Counts,EncoderOutputResolution,Encoder Output Resolution,Pulse Number of Encoder Output,0x015C,32,All,2019.04.24. Delta changed max from 320000 to 536870912.,,,2,¤,,,,,,√,,,,,,,,,,,,,
154,P1.047,0,,INT,0x0000,,,,,,,,3,0,300,10,,RPM,SpeedWindow,Speed Window,Speed reached (DO.SP_OK) range,0x015E,16,S/Sz/IO,,,,2,¤,,,,,,,,,,,,,,,,,,,
155,P1.048,0,,UINT,0x0000,,,,,,,⌂,3,0x0000,0x0011,0x0000,,,ToSpeedAction,To Speed Action,Speed reached (DO.SP_OK) operation selection,0x0160,16,PR/IO,12/06: Update Name,,,2,¤,,,,,,,,,,,,,,,,,,,
156,P1.049,0,,UINT,0x0000,,,,,,,,3,0,65535,0,,ms,SpeedWindowTime,Speed Window Time,Accumulative time of speed reached,0x0162,16,S/Sz/IO,,,,2,¤,,,,,,,,,,,,,,,,,,,
157,P1.052,0,,INT,0x0000,,,,,,,,3,5,750,100,,Ohms,ShuntResistorValue,Shunt Resistor Value,Regenerative Resistor Value,0x0168,16,All,"Range: 400W:30-750; 1.5kW:20-750; 2kW~7.5kW:10-750; 15kW: 5-750.
2019.01.07. Changed default from 20 to 100
2019.03.05. 400W with motor, Test result shows Min is 20.
2019.04.09. Fixed. Min is 30 with 400W",,,2,¤,,,,,√,,,,,,,,,,,,,,
158,P1.053,0,,INT,0x0000,,,,,,,,3,0,15000,10,,W,ShuntResistorPower,Shunt Resistor Power,Regenerative Resistor Capacity,0x016A,16,All,"Default: under 0.2kW:20-750; 1.5kW: 40; 2kW~3kW:80. Need to check the set value range according to product code.
Default in A3 manual: <200W: 0, 400W~1.5kW: 40, 2kW~3kW: 80
2019.01.18. Default changed from 0 to 40.
2019.01.07. default 10 differ to A3 manual (40 for 400W drive)
2019.01.30. Test result shows max was changed to 3000. 
2019.02.20. Delta changed from 40 to 10 per RA's require.",,,2,¤,,,,,√,,,,,,,,,,,,,,
159,P1.054,0,,DINT,0x0000,,,,,,,,3,0,16777216,167772,,Counts,InPositionWindow,In Position Window,Position Completed Range,0x016C,32,PT/PR/IO,2019.01.07. default changed from 16777216 to 167772.,,,2,¤,,,,,,,,,,,,,,,,,,,
160,P1.055,0,,UINT,0x0000,,,,,,,,3,10,28500,8000,,"RPM
mm/s",MaximumSpeed,Maximum Speed,Maximum Speed Limit,0x016E,16,All,"Range: 10-max.speed, RA's motor max speed is 8000RPM. need to check the set value range according to motor type
2019.01.17. Dubug board, PM.032=8000, but P1.055 max is 8000. P1.055 <= PM.032*1.05.
2019.04.19. Max changed from 8000 to 8400.
2019.10.31. Delta change to can be modify when Servo-on under PT mode.",,,2,¤,,,,,,,,,√,,,,,,,,,,
161,P1.056,0,,INT,0x0000,,,,,,,,3,0,120,120,,%,OverloadWarningUserThreshold,User defined threshold for overload warning,Output Overload Warning Level,0x0170,16,All,,,,2,¤,,,,,,,,,,,,,,,,,,,
162,P1.057,0,,INT,0x0000,,,,,,,,3,0,300,0,,%,CrashProtectionTorqueThreshold,Crash Protection Torque Threshold,Motor Crash Protection (torque percentage),0x0172,16,All,,,,2,¤,,,,,,,,,,,,,,,,,,,
163,P1.058,0,,INT,0x0000,,,,,,,,3,1,1000,1,,ms,CrashProtectionFilterTime,Crash Protection Filter Time,Motor Crash Protection Time,0x0174,16,All,,,,2,¤,,,,,,,,,,,,,,,,,,,
164,P1.059,0,,INT,0x0000,,,,,,,,5,0,40,0,,ms,VelocityCmdMovingFilterTime,Velocity Command Moving Filter Time Constant,Speed command.moving filter,0x0176,16,S/IO,Follow A3 range: (1)Panel/Soft: 0-4 (2)Communication(parameter object): 0-40,,,1,¤,,,,,,,,√,,,,,,,,,,,
165,P1.062,0,,INT,0x0000,,,,,,,,3,0,100,0,,%,FrictionCompensation,Friction Compensation,Friction Compensation,0x017C,16,PT/PR/S/Sz/IO,,,,2,¤,,,,,,,,,,,,,,,,,,,
166,P1.063,0,,INT,0x0000,,,,,,,,3,1,1000,1,,ms,FrictionCompensationSmoothTime,Friction Compensation Smooth Time Constant,Friction Compensation Smooth Constant,0x017E,16,PT/PR/S/Sz/IO,,,,2,¤,,,,,,,,,,,,,,,,,,,
167,P1.064,0,,UINT,0x0000,,,,,,,⌂,3,0x0000,0x0011,0x0000,,,AnalogToPositionStartupConfiguration,Analog To Position Command Startup Configuration,Reserved,0x0180,32,PT/IO,"Listed in ASDA Soft, but no item in A3 manual A2 has, change“Activation Control” to “Analog Position Command Setting”
12/06: Update Name",,,2,¤,,,,,,,,,,,,,,,,,,,
168,P1.065,0,,INT,0x0000,,,,,,,,5,0,1000,1,,10ms,AnalogToPositionSmoothTime,Analog To Position Command Smooth Time Constant,Smooth Constant of Analog Position Command,0x0182,16,PT/IO,"Listed in ASDA Soft, but no item in A3 manual",,,1,¤,,,,,,,,,,,,,,,,,,,
169,P1.066,0,,INT,0x0000,,,,,,,,3,0,2000,0,0.1,Rev,AnalogToPositionMaxRotationNum,Analog To Position Command Max Rotation Number,Max. Rotation Number of Analog Position Command,0x0184,16,PT/IO,"Listed in ASDA Soft, but no item in A3 manual
2019.04.24. max changed from 200 to 2000, and unit changed from rev to 0.1 rev.",,,2,¤,,,,,,,,,,,,,,,,,,,
170,P1.068,0,,INT,0x0000,,,,,,,,5,0,100,4,,ms,PositionCmdMovingFilterTime,Position Command Moving Filter Time Constant,Position Command Moving Average Filter,0x0188,16,PT/PR/IO,,,,1,¤,,,,,,,,√,,,,,√,,,,,,
171,P1.072,0,,DINT,0x0000,,,,,,,,3,50,16777216,5000,,Counts/Rev,AuxFeedbackResolution,Auxiliary Feedback Resolution,Resolution of Linear Scale for Full-closed Loop Control,0x0190,32,PT/IO,,,,2,¤,,,,,,,,,,,,,,,,,,,
172,P1.073,0,,DINT,0x0000,,,,,,,,3,1,2147483647,30000,,Counts,MotorAndAuxFeedbackErrorLimit,Error Limit between Motor and Auxiliary Feedback,Error Protection Range for Full-closed Loop Control,0x0192,32,PT/IO,,,,2,¤,,,,,,,,,,,,,,,,,,,
173,P1.074,0,,UINT,0x0000,,,,,,,⌂,3,0x0000,0xF131,0x0000,,,FullClosedLoopControlConfiguration,Full-closed Loop Control Configuration,Full-closed Loop Control of Linear Scale,0x0194,16,PT/IO,2019.05.15. max changed from 0xF132 to 0xF131.,,,2,¤,,,,,,√,,,,,,,,,,,,,
174,P1.075,0,,INT,0x0000,,,,,,,,5,0,1000,100,,ms,FullHalfClosedLoopLowPassFilterTime,Full/Half-closed Loop Control Low Pass Filter Time Constant,Low-pass Filter Time Constant of Full-closed Loop Control,0x0196,16,PT/IO,,,,1,¤,,,,,,,,,,,,,,,,,,,
175,P1.076,0,,INT,0x0000,,▲,,,,,,3,0,28500,8000,,"RPM
mm/s",MaxEncoderOutputSpeed,Max Encoder Output Speed,"Max. Rotation of Encoder Output Setting (OA, OB)",0x0198,16,All,"2019.04.09. Shall the max be changed to 8000?
2019.04.09. Max is 8000 in DSP side already.
2019.04.17. Delta changed default from 5500 to 8000.",,,2,¤,,,,,,,,,,,,,,,,,,,
176,P1.083,0,,INT,0x0000,,,,,,,,3,0,12000,0,,mV,AbnormalAnalogInputVoltageLevel,Abnormal Analog Input Voltage Level,Abnormal Analog Input Voltage Level,0x01A6,16,S/IO,,,,2,¤,,,,,,,,,,,,,,,,,,,
177,P1.087,0,,INT,0x0000,,,,,,,,9,1,300,1,,%,HomingCollisionTorqueLimit,Homing Collision Torque Limit,Torque limit setting,0x01AE,16,PR/IO,,,,3,¤,,,,,,,,,,,,,,,,,,,
178,P1.088,0,,INT,0x0000,,,,,,,,9,2,2000,2000,,ms,HomingCollisionTorqueLimitTime,Homing Collision Torque Limit Time,Torque limit time setting,0x01B0,16,PR/IO,,,,3,¤,,,,,,,,,,,,,,,,,,,
179,P1.097,0,,DINT,0x0000,,▲,,,,,,3,0,160000,0,,,EncoderOutputDenominator,Encoder Output Denominator,Encoder output denominator,0x01C2,32,All,,,,2,¤,,,,,,√,,,,,,,,,,,,,
180,P1.098,0,,INT,0x0000,,,,,,,,3,0,800,0,,ms,PowerLossDiagnosticTime,Power Loss Diagnostic Time,Disconnection detection protection (UVW) response time,0x01C4,16,All,"Range: 0, 100 ~ 800",,,2,¤,,,,,,,,,,,,,,,,,,,
181,P1.101,0,,INT,0x0000,,,,■,,,,3,-10000,10000,0,,mV,PresetAnalogOutput1,Preset Analog Output Value 1,Analog monitor output voltage 1,0x01CA,16,All,,,,2,¤,,,,,,,,,,,,,,,,,,,
182,P1.102,0,,INT,0x0000,,,,■,,,,3,-10000,10000,0,,mV,PresetAnalogOutput2,Preset Analog Output Value 2,Analog monitor output voltage 2,0x01CC,16,All,,,,2,¤,,,,,,,,,,,,,,,,,,,
183,P1.103,0,,UDINT,0x0000,,,,,,,,9,0x00000000,0x00000101,0x00000000,,,DI10CaptureConfiguration,DI10 Capture Configuration,CAPTURE / COMPARE – Additional Function Settings (DI10),0x01CE,16,All,These two parameters are reserved in the A3 manual,,,3,¤,,,,,,,,,,,,,,,,,,√,
184,P1.104,0,,DINT,0x0000,,,,,,,,9,0,100000000,0,,,DI10CaptureMaskRange,DI10 Capture Mask Range,CAPTURE – Masking Range Setting (DI8),0x01D0,32,All,,,,3,¤,,,,,,,,,,,,,,,,,,√,
185,P2.000,0,,INT,0x0000,,,,,,,,5,0,2047,36,,rad/s,PositionProportionalGain,Position Proportional Gain,Position Loop Gain,0x0200,16,PT/PR/IO,"2019.01.07. Default 36 differ to A3 manual (35).
2019.04.19. Default changed from 35 to 36.",,,1,¤,,,,,,,,,,√,,,√,,,,,,
186,P2.001,0,,INT,0x0000,,,,,,,,5,10,500,100,,%,PositionProportionalGainRate,Position Proportional Gain Changing Rate,Switching Rate of Position Loop Gain,0x0202,16,PT/PR/IO,,,,1,¤,,,,,,,,,,,,,,,,,,,
187,P2.002,0,,INT,0x0000,,,,,,,,5,0,100,50,,%,VelocityFeedforwardGain,Velocity Feedforward Gain,Position Feed Forward Gain,0x0204,16,PT/PR/IO,,,,1,¤,,,,,,,,,,√,,,,,,,,,
188,P2.003,0,,INT,0x0000,,,,,,,,5,2,100,5,,ms,VelocityFeedforwardLowPassFilterTime,Velocity Feedforward Low Pass Filter Time Constant,Smooth Constant of Position Feed Forward Gain,0x0206,16,PT/PR/IO,,,,1,¤,,,,,,,,,,√,,,,,,,,,
189,P2.004,0,,INT,0x0000,,,,,,,,5,0,8191,144,,rad/s,VelocityProportionalGain,Velocity Proportional Gain,Speed Loop Gain,0x0208,16,All,"2019.01.07. Default 144 differ to A3 manual(500)
2019.04.19. Default changed from 500 to 144.",,,1,¤,,,,,,,,,,,√,,√,,,,,,
190,P2.005,0,,INT,0x0000,,,,,,,,5,10,500,100,,%,VelocityProportionalGainRate,Velocity Proportional Gain Changing Rate,Switching Rate of Speed Loop Gain,0x020A,16,All,,,,1,¤,,,,,,,,,,,,,,,,,,,
191,P2.006,0,,INT,0x0000,,,,,,,,5,0,1023,23,,rad/s,VelocityIntegralGain,Velocity Integral Gain,Speed Integral Compensation,0x020C,16,All,"2019.01.07. Default 23 deffer to A3 manual(100)
2019.04.19. Default changed from 100 to 23.",,,1,¤,,,,,,,,,,,√,,√,,,,,,
192,P2.007,0,,INT,0x0000,,,,,,,,5,0,100,0,,%,AccelFeedforwardGain,Acceleration Feedforward Gain,Speed Feed Forward Gain,0x020E,16,All,,,,1,¤,,,,,,,,,,,√,,,,,,,,
193,P2.008,0,,INT,0x0000,,,,■,,,,3,0,501,1,,,ForceFunction,Force Function,Special Parameter Write-in,0x0210,16,All,"NEO-S will send the reset service to DSP instead.
01/02: NOT Config (Force function)
10-Parameter reset (require power cycle manually)
22-P4.011~P4.021 write enable
20-P4.010 write enable
271-P2-71 write enable
30,28-参数超出范围重置？
30,39-除了工厂设定参数外，所有参数重置
30,35-储存COMPARE、CAPTURE及E-Cam的资料
---Follows Only for Development-----------------------
30,32 reset parameters, same with 10.
Mfg: 34,36,Open the Hidden Pameters
Mfg: 168: Exit Factory Mode

2019.01.30. test result shows max is 501.
2019.04.09. changed max from 65535 to 501.",,,,¤,,,,,,,,,,,,,,,,,,,
194,P2.009,0,,INT,0x0000,,,,,,,,6,0,20,2,,ms,DIDebounceTime,Digital Input Debouncing Time,DI Debouncing Time,0x0212,16,All,,,,3,¤,,,,,,,,,,,,,,,,,,,
195,P2.010,0,,UINT,0x0000,,,,,,,⌂,6,0x0000,0x014F,0x0100,,,DI1Configuration,Digital Input 1 Configuration,DI1 Functional Planning,0x0214,16,All,"2019.01.16. A3 Manual table-8.1, <=0x47.
2019.03.29. Changed max to 0x014F per test result.",,,3,¤,,,,,,,,,,,,,,,,,,,
196,P2.011,0,,UINT,0x0000,,,,,,,⌂,6,0x0000,0x014F,0x0100,,,DI2Configuration,Digital Input 2 Configuration,DI2 Functional Planning,0x0216,16,All,"2019.01.16. A3 Manual table-8.1, <=0x47.
2019.03.29. Changed max to 0x014F per test result.",,,3,¤,,,,,,,,,,,,,,,,,,,
197,P2.012,0,,UINT,0x0000,,,,,,,⌂,6,0x0000,0x014F,0x0100,,,DI3Configuration,Digital Input 3 Configuration,DI3 Functional Planning,0x0218,16,All,"2019.01.16. A3 Manual table-8.1, <=0x47.
2019.03.29. Changed max to 0x014F per test result.",,,3,¤,,,,,,,,,,,,,,,,,,,
198,P2.013,0,,UINT,0x0000,,,,,,,⌂,6,0x0000,0x014F,0x0100,,,DI4Configuration,Digital Input 4 Configuration,DI4 Functional Planning,0x021A,16,All,"2019.01.16. A3 Manual table-8.1, <=0x47.
2019.03.29. Changed max to 0x014F per test result.",,,3,¤,,,,,,,,,,,,,,,,,,,
199,P2.014,0,,UINT,0x0000,,,,,,,⌂,6,0x0000,0x014F,0x0100,,,DI5Configuration,Digital Input 5 Configuration,DI5 Functional Planning,0x021C,16,All,"2019.01.16. A3 Manual table-8.1, <=0x47.
2019.03.29. Changed max to 0x014F per test result.",,,3,¤,,,,,,,,,,,,,,,,,,,
200,P2.015,0,,UINT,0x0000,,,,,,,⌂,6,0x0000,0x014F,0x0100,,,DI6Configuration,Digital Input 6 Configuration,DI6 Functional Planning,0x021E,16,All,"2019.01.16. A3 Manual table-8.1, <=0x47.
2019.03.29. Changed max to 0x014F per test result.",,,3,¤,,,,,,,,,,,,,,,,,,,
201,P2.016,0,,UINT,0x0000,,,,,,,⌂,6,0x0000,0x014F,0x0100,,,DI7Configuration,Digital Input 7 Configuration,DI7 Functional Planning,0x0220,16,All,"2019.01.16. A3 Manual table-8.1, <=0x47.
2019.03.29. Changed max to 0x014F per test result.",,,3,¤,,,,,,,,,,,,,,,,,,,
202,P2.017,0,,UINT,0x0000,,,,,,,⌂,6,0x0000,0x014F,0x0100,,,DI8Configuration,Digital Input 8 Configuration,DI8 Functional Planning,0x0222,16,All,"2019.01.07. Default changed from  0x0022 to 0x0021. A3 manual error.
2019.01.16. A3 Manual table-8.1, <=0x47.
2019.03.29. Changed max to 0x014F per test result.",,,3,¤,,,,,,,,,,,,,,,,,,,
203,P2.018,0,,UINT,0x0000,,,,,,,⌂,6,0x0000,0x013F,0x0100,,,DO1Configuration,Digital Output 1 Configuration,DO1 Functional Planning,0x0224,16,All,,,,3,¤,,,,,,,,,,,,,,,,,,,
204,P2.019,0,,UINT,0x0000,,,,,,,⌂,6,0x0000,0x013F,0x0100,,,DO2Configuration,Digital Output 2 Configuration,DO2 Functional Planning,0x0226,16,All,,,,3,¤,,,,,,,,,,,,,,,,,,,
205,P2.020,0,,UINT,0x0000,,,,,,,⌂,6,0x0000,0x013F,0x0100,,,DO3Configuration,Digital Output 3 Configuration,DO3 Functional Planning,0x0228,16,All,,,,3,¤,,,,,,,,,,,,,,,,,,,
206,P2.021,0,,UINT,0x0000,,,,,,,⌂,6,0x0000,0x013F,0x0100,,,DO4Configuration,Digital Output 4 Configuration,DO4 Functional Planning,0x022A,16,All,,,,3,¤,,,,,,,,,,,,,,,,,,,
207,P2.022,0,,UINT,0x0000,,,,,,,⌂,6,0x0000,0x013F,0x0100,,,DO5Configuration,Digital Output 5 Configuration,DO5 Functional Planning,0x022C,16,All,,,,3,¤,,,,,,,,,,,,,,,,,,,
208,P2.023,0,,INT,0x0000,,,,,,,,5,50,5000,1000,,Hz,NotchFilter1Frequency,Notch Filter 1 Frequency,Resonance Suppression (Notch Filter) (1),0x022E,16,All,,,,1,¤,,,,,,,,√,,,,,√,,,,,,
209,P2.024,0,,INT,0x0000,,,,,,,,5,0,40,0,,-dB,NotchFilter1Depth,Notch Filter 1 Depth,Resonance Suppression (Notch Filter) Attenuation Rate (1),0x0230,16,All,,,,1,¤,,,,,,,,√,,,,,√,,,,,,
210,P2.025,0,,INT,0x0000,,,,,,,,5,0,1000,8,0.1,ms,ResonanceSuppressionLowPassFilterTime,Resonance Suppression Low Pass Filter Time Constant,Low-pass Filter of Resonance Suppression,0x0232,16,All,"Follow A3 range: (1)Panel/Soft: 0-100 (2)Communication(parameter object): 0-1000
2018.01.11. Unit changed form ms to 0.1 ms
2019.01.07. Default 8 differ to A3 manual 10(0.1).
2019.04.19. Default changed from 1 to 8.","
",,1,¤,,,,,,,,,,,,√,√,,,,,,
211,P2.026,0,,INT,0x0000,,,,,,,,5,0,1023,0,,rad/s,AntiInterferenceGain,Anti-interference Gain,Anti-interference Gain,0x0234,16,All,,,,1,¤,,,,,,,,,,,,,,,,,,,
212,P2.027,0,,UINT,0x0000,,,,,,,⌂,5,0x0000,0x0018,0x0000,,,GainSwitchingSelection,Gain Switching Selection,Gain Switching and Switching Selection,0x0236,16,All,,,,1,¤,,,,,,,,,,,,,,,,,,,
213,P2.028,0,,INT,0x0000,,,,,,,,5,0,1000,10,,ms,GainSwitchingTime,Gain Switching Time Constant,Gain Switching Time Constant,0x0238,16,All,,,,1,¤,,,,,,,,,,,,,,,,,,,
214,P2.029,0,,DINT,0x0000,,,,,,,,5,0,50331648,16777216,,,GainSwitchingThreshold,Gain Switching Threshold,Gain Switching,0x023A,32,All,range: 0 ~ 25165824,,,1,¤,,,,,,,,,,,,,,,,,,,
215,P2.030,0,,INT,0x0000,,,,■,,,,3,-7,8,0,,,AuxiliaryFunction,Auxiliary Function,Auxiliary Function,0x023C,16,All,"valid  range 0,1,5,6,7,8,-1,-5,-6,-7
01/02: NOT Config (Simulation Function)
2019.01.14. Min changed from -8 to -7;",,,,¤,,,,,,,,,,,,,,,,,,,
216,P2.031,0,,INT,0x0000,,,,,,,,5,1,50,19,,,SysGainResponseLevel,System Gain Response Level,Speed Loop Frequency Response Setting in Auto and Semi-Auto Mode,0x023E,16,All,,,,1,¤,,,,,,,,,,,,,√,,,,,,
217,P2.032,0,,UINT,0x0000,,,,,,,,5,0x0000,0x0004,0x0001,,,GainAdjustMode,Gain Adjustment Mode,Tuning Mode Selection,0x0240,16,All,,,,1,¤,,,,,,,,,,,,,√,,,,,,
218,P2.034,0,,INT,0x0000,,,,,,,,3,"1
1","28500
15999","8000
8000",,"RPM
mm/s",VelocityErrorTolerance,Velocity Error Tolerance,The Condition of Overspeed Warning,0x0244,16,S/Sz/IO,"Setting range: 0-15999 for Linear Motor, 0-30000 for rotary motor",,,2,¤,,,,,,,,,,,,,,,,,,,
219,P2.035,0,,DINT,0x0000,,,,,,,,3,1,1677721600,"50331648
30000",,Counts,PositionErrorTolerance,Position Error Tolerance,Condition of Excessive Position Control Deviation Warning,0x0246,32,PT/PR/IO,,,,2,¤,,,,,,,,,,,,,,,,,,,
220,P2.036,0,,UINT,0x0000,,,,,,,⌂,6,0x0000,0x014F,0x0100,,,DI9Configuration,Digital Input 9 Configuration,DI9 Functional Planning,0x0248,16,All,"Changed the names
2019.03.29. Changed max to 0x014F per test result.
2019.04.19. Changed default from 0x0000 to 0x0100.",,,3,¤,,,,,,,,,,,,,,,,,,,
221,P2.037,0,,UINT,0x0000,,,,,,,⌂,6,0x0000,0x014F,0x0100,,,DI10Configuration,Digital Input 10 Configuration,DI10 Functional Planning,0x024A,16,All,"Changed the names
2019.03.29. Changed max to 0x014F per test result.
2019.04.19. Changed default from 0x0000 to 0x0100.",,,3,¤,,,,,,,,,,,,,,,,,,,
222,P2.038,0,,UINT,0x0000,,,,,,,⌂,6,0x0000,0x014F,0x0100,,,VirtualDI11Configuration,Virtual Digital Input 11 Configuration,VDI11 Functional Planning,0x024C,16,All,"Changed the names
2019.03.29. Changed max to 0x014F per test result.
2019.04.19. Changed default from 0x0000 to 0x0100.",,,3,¤,,,,,,,,,,,,,,,,,,,
223,P2.039,0,,UINT,0x0000,,,,,,,⌂,6,0x0000,0x014F,0x0100,,,VirtualDI12Configuration,Virtual Digital Input 12 Configuration,VDI12 Functional Planning,0x024E,16,All,"Changed the names
2019.03.29. Changed max to 0x014F per test result.
2019.04.19. Changed default from 0x0000 to 0x0100.",,,3,¤,,,,,,,,,,,,,,,,,,,
224,P2.040,0,,UINT,0x0000,,,,,,,⌂,6,0x0000,0x014F,0x0100,,,VirtualDI13Configuration,Virtual Digital Input 13 Configuration,VDI13 Functional Planning,0x0250,16,All,"Changed the names
2019.04.19. Changed default from 0x0000 to 0x0100.",,,3,¤,,,,,,,,,,,,,,,,,,,
225,P2.041,0,,UINT,0x0000,,,,,,,⌂,6,0x0000,0x013F,0x0100,,,DO6Configuration,Digital Output 6 Configuration,DO6 Functional Planning,0x0252,16,All,2019.04.19. Changed default from 0x0000 to 0x0100.,,,3,¤,,,,,,,,,,,,,,,,,,,
226,P2.043,0,,INT,0x0000,,,,,,,,5,50,5000,1000,,Hz,NotchFilter2Frequency,Notch Filter 2 Frequency,Resonance Suppression (Notch Filter) (2),0x0256,16,All,,,,1,¤,,,,,,,,√,,,,,√,,,,,,
227,P2.044,0,,INT,0x0000,,,,,,,,5,0,40,0,,-dB,NotchFilter2Depth,Notch Filter 2 Depth,Resonance Suppression (Notch Filter) Attenuation Rate (2),0x0258,16,All,,,,1,¤,,,,,,,,√,,,,,√,,,,,,
228,P2.045,0,,INT,0x0000,,,,,,,,5,50,5000,1000,,Hz,NotchFilter3Frequency,Notch Filter 3 Frequency,Resonance Suppression (Notch Filter) (3),0x025A,16,All,,,,1,¤,,,,,,,,√,,,,,√,,,,,,
229,P2.046,0,,INT,0x0000,,,,,,,,5,0,40,0,,-dB,NotchFilter3Depth,Notch Filter 3 Depth,Resonance Suppression (Notch Filter) Attenuation Rate (3),0x025C,16,All,,,,1,¤,,,,,,,,√,,,,,√,,,,,,
230,P2.047,0,,UINT,0x0000,,,,,,,⌂,3,0x0000,0x01F2,0x0001,,,ResonanceSuppressionConfig,Resonance Suppression Configuration,Auto Resonance Suppression Mode Setting,0x025E,16,All,,,,2,¤,,,,,,,,,,,,,,,,,,,
231,P2.048,0,,INT,0x0000,,,,,,,,3,0,1000,100,,,ResonanceDiagnosticLevel,Resonance Diagnostic Level,Auto Resonance Suppression Detection Level,0x0260,16,All,,,,2,¤,,,,,,,,,,,,,,,,,,,
232,P2.049,0,,INT,0x0000,,,,,,,,5,0,1000,8,0.1,ms,VelocityFeedbackLowPassFilterTime,Velocity Feedback Low Pass Filter Time Constant,Speed Detection Filter,0x0262,16,All,"Follow A3 range: (1)Panel/Soft: 0-100 (2)Communication(parameter object): 0-1000
2018.01.11. Unit changed form ms to 0.1 ms
2019.04.19. Default changed from 1 to 8.",,,1,¤,,,,,,,,,,,√,,√,,,,,,
233,P2.050,0,,UINT,0x0000,,,,,,,,3,0x0000,0x0001,0x0000,,,PulseClearMode,Pulse Clear Mode,Pulse Clear Mode,0x0264,16,PT/IO,,,,2,¤,,,,,,√,,,,,,,,,,,,,
234,P2.052,0,,DINT,0x0000,,▲,,,,,,9,32,1073741824,1073741824,,PUU,IndexingCoordinatesScale,Indexing Coordinates Scale,Indexing Coordinates Scale,0x0268,32,All,"2019.01.11: Safe Factor: 1.05; Position resolution: MaxSpeed * UpdateTime (1us) = PM.032(rpm) * 1/60000 (min) ; CUU(Counts of User Unit): Single_turn_pulse / GearRatio = PM.004 * P1.045 / P1.044; Min >  1.05 * (PM.032 / 60000) * (PM.004  * P1.045 / P1.044). 
Max changed from 1000,000,000 to 1,073,741,824
2019.04.26: Calculate in Firmware: (PM.004  * P1.045 / P1.044) * PM.032 / 57142",,,4,¤,,,,,,,,,,,,,,,,,,,
235,P2.053,0,,INT,0x0000,,,,,,,,5,0,1023,0,,rad/s,PositionIntegralGain,Position Integral Gain,Position Integral Compensation,0x026A,16,All,,,,1,¤,,,,,,,,,,√,,,,,,,,,
236,P2.060,0,,DINT,0x0000,,,,,,,,3,1,536870911,16777216,,Counts,GearRatioFollowerCountsN2,Gear Ratio Follower Counts (N2),Electronic Gear Ratio (Numerator) (N2),0x0278,32,PT/IO,,,,2,¤,,,,,,,√,,,,,,,,,,,,
237,P2.061,0,,DINT,0x0000,,,,,,,,3,1,536870911,16777216,,Counts,GearRatioFollowerCountsN3,Gear Ratio Follower Counts (N3),Electronic Gear Ratio (Numerator) (N3),0x027A,32,PT/IO,,,,2,¤,,,,,,,√,,,,,,,,,,,,
238,P2.062,0,,DINT,0x0000,,,,,,,,3,1,536870911,16777216,,Counts,GearRatioFollowerCountsN4,Gear Ratio Follower Counts (N4),Electronic Gear Ratio (Numerator) (N4),0x027C,32,PT/IO,,,,2,¤,,,,,,,√,,,,,,,,,,,,
239,P2.065,0,,UINT,0x0000,,,,,,,⌂,3,0x0000,0xBF48,0x1000,,,SpecialFunctionConfiguration1,Special Function Configuration 1,Special-bit Register,0x0282,16,PT/PR/S/Sz/IO,"2019.04.09. Set 0xFFFF will trigger A08A, set back to 0, still trigger.
2019.04.24. Max changed from 0xFFFF to 0xBF48, fixed A08A.",,,2,¤,,,,,,,,,,,,,,,,,,,
240,P2.066,0,,UINT,0x0000,,,,,,,,3,0x0000,0x0031,0x0021,,,SpecialFunctionConfiguration2,Special Function Configuration 2,Special-bit Register 2,0x0284,16,PT/PR/S/Sz/IO,"12/18: Delta modified Max 0x083F to 0x183F
Bit 5: 開啟 CN5 AB 相脈波斷線偵測 AL041
2019.01.07. 只有bit 2,4,5,9功能说明，需更新其它bit的功能说明或者为reserve
2019.01.11.Default changed from 0x0000 to 0x0020.
2019.03.29. Changed max from 0x183F to 0x0234 per test result. Only keep bit 2,4,5,9.
2019.04.17: Delta added  back BIT12 (E022 Fault Define Switch)",,,2,¤,,,,,,,,,,,,,,,,,,,
241,P2.068,0,,UINT,0x0000,,,,,,,⌂,9,0x0000,0x0101,0x0000,,,FollowingErrorCompensation,Following Error Compensation Configuration,Switch of Following Error Compensation,0x0288,32,All,"12/06: Delta modified Max 0x2101 to 0x101
12/18：Delta如有更動則再修改並通知RA",,,3,¤,,,,,,,,,,,,,,,,,,,
242,P2.069,0,,UINT,0x0000,,,●,,,,⌂,3,0x0000,0x0101,0x0000,,,AbsoluteSystemSetting,Absolute System Setting,Absolute Encoder Setting,0x028A,16,All,"12/18: Delta modified Max 0x0111 to 0x101
絕對位置遺失時脈波命令設定 , 功能已移除？
2019.04.19. Delta confirmed, will update manual.",,,8,¤,,,,√,,,,,,,,,,,,,,,
243,P2.070,0,,UINT,0x0000,,,,,,,⌂,3,0x0000,0x0007,0x0000,,,DataReadUnitSelection,Data Read Unit Selection,Read Data Format Selection,0x028C,16,All,,,,2,¤,,,,,,,,,,,,,,,,,,,
244,P2.071,0,,UINT,0x0000,,,,■,,,⌂,9,0x0000,0x0001,0x0000,,,ResetAbsolutePosition,Reset Absolute Position,ABS Position Homing,0x028E,16,All,"Note: 1 can be set only when 193(P2.008)=271 and 242(P2.069).X=1
01/02: NOT Config (Reset Encoder Absolution Position)
2019.04.09. Comfirmed.",,,,¤,,,,,,,,,,,,,,,,,,,
245,P2.073,0,,UDINT,0x0000,,,,,,,⌂,9,0x00000000,0x5F3F6F5F,0x00000000,,,ECamConfiguration,E-CAM Configuration,E-CAM Alignment – Operation Setting,0x0292,32,PR/IO,,,,3,¤,,,,,,,,,,,,,,,,,,,
246,P2.074,0,,INT,0x0000,,,,,,,,9,-25000,25000,0,0.001,ms,ECamDIDelayTimeCompensation,E-CAM DI Delay Time Compensation,E-CAM Alignment – DI Delay Time Compensation,0x0294,16,PR/IO,,,,3,¤,,,,,,,,,,,,,,,,,,,
247,P2.075,0,,DINT,0x0000,,,,■,,,,9,-1000000000,1000000000,0,,,ECamAlignementTargetPosition,E-CAM Alignment Position Reference,E-CAM Alignment – Alignment Target Position,0x0296,32,PR/IO,"In manual: max value is (P5.084/P5.083 -1),  for parameter object max value is 1000000000
min value is -(P5.084/P5.083 -1),  for parameter object max value is -1000000000",,,3,¤,,,,,,,,,,,,,,,,,,,
248,P2.076,0,,UINT,0x0000,,,,■,,,⌂,9,0x0000,0x6FF7,0x0000,,,ECamControlConfiguration,E-CAM Control Configuration,E-CAM Alignment – Source Setting,0x0298,16,PR/IO,,,,3,¤,,,,,,,,,,,,,,,,,,,
249,P2.078,0,,INT,0x0000,,,,,,,,9,0,360,270,,Degrees,ECamDOCamArea2RisingEdgeAngle,Ecam DO.Cam Area2 Rising Edge Angle,E-CAM: Area Number #2 + (Polarity is Positive),0x029C,16,PR/IO,,,,3,¤,,,,,,,,,,,,,,,,,,,
250,P2.079,0,,INT,0x0000,,,,,,,,9,0,360,360,,Degrees,ECamDOCamArea2FallingEdgeAngle,Ecam DO.Cam Area2 Falling Edge Angle,E-CAM: Area Number #2 + (Polarity is Negative),0x029E,16,PR/IO,,,,3,¤,,,,,,,,,,,,,,,,,,,
251,P2.081,0,,UINT,0x0000,,,,,,,,3,0,65535,0,,ms,PositionErrorToleranceTime,Position Error Tolerance Time,Position Error Time,0x02A2,16,PT/PR/IO,New added,,,2,¤,,,,,,,,,,,,,,,,,,,
252,P2.093,0,,UINT,0x0000,,,,,,,⌂,3,0x0012,0x0022,0x0012,,,STOFeedbackConfiguration,STO Feedback Configuration,STO FDBK control,0x02BA,16,All,"FRS: 0x0010-FDBK no latch, 0x0020-FDBK latch.
2019.01.07. default 0x0012 Min ?  Needs update.
2019.04.24. Will remove unuse bytes (max 0x0020).
2019.05.08. Will modify to 0x0012 and 0x0022.
2019.05.15. Fixed.",,,2,¤,,,,,,,,,,,,,,,,,,,
253,P2.094,0,,UINT,0x0000,,▲,,,,,⌂,3,0x0000,0x0030,0x0010,,,SpecialFunctionConfiguration3,Special Function Configuration 3,Special-bit Register 3,0x02BC,16,PT/PR/S/Sz/IO,"Delete Bit12, Bit9, Bit8. 
2019.01.07. Default 0x0010, Max needs update after delete Bit 12,9 and 8. or changed to reserved?
2019.01.30. Max changed to 0x00A6. 
bit5: 取消AL016 IGBT保护温度异警。
0x00A6 =0b0000_0000_1010_0110.   
bit2， bit3, bit7. description?
2019.03.29. changed max from 0x00A6 to 0x0030 per test result. Only keep bit 4,5.",,,2,¤,,,,,,,,,,,,,,,,,,,
254,P2.095,0,,INT,0x0000,,,,,,,,5,1,10,5,,,NotchFilter1QValue,Notch Filter 1 Qvalue,Resonance suppression (Notch filter) width (1),0x02BE,16,All,,,,1,¤,,,,,,,,√,,,,,,,,,,,
255,P2.096,0,,INT,0x0000,,,,,,,,5,1,10,5,,,NotchFilter2QValue,Notch Filter 2 Qvalue,Resonance suppression (Notch filter) width (2),0x02C0,16,All,,,,1,¤,,,,,,,,√,,,,,,,,,,,
256,P2.097,0,,INT,0x0000,,,,,,,,5,1,10,5,,,NotchFilter3QValue,Notch Filter 3 Qvalue,Resonance suppression (Notch filter) width (3),0x02C2,16,All,,,,1,¤,,,,,,,,√,,,,,,,,,,,
257,P2.098,0,,INT,0x0000,,,,,,,,5,50,5000,1000,,Hz,NotchFilter4Frequency,Notch Filter 4 Frequency,Resonance Suppression (Notch Filter) (4),0x02C4,16,All,,,,1,¤,,,,,,,,√,,,,,√,,,,,,
258,P2.099,0,,INT,0x0000,,,,,,,,5,0,40,0,,-dB,NotchFilter4Depth,Notch Filter 4 Depth,Resonance Suppression (Notch Filter) Attenuation Rate (4),0x02C6,16,All,,,,1,¤,,,,,,,,√,,,,,√,,,,,,
259,P2.100,0,,INT,0x0000,,,,,,,,5,1,10,5,,,NotchFilter4QValue,Notch Filter 4 Qvalue,Resonance suppression (Notch filter) width (4),0x02C8,16,All,,,,1,¤,,,,,,,,√,,,,,,,,,,,
260,P2.101,0,,INT,0x0000,,,,,,,,5,50,5000,1000,,Hz,NotchFilter5Frequency,Notch Filter 5 Frequency,Resonance Suppression (Notch Filter) (5),0x02CA,16,All,,,,1,¤,,,,,,,,√,,,,,√,,,,,,
261,P2.102,0,,INT,0x0000,,,,,,,,5,0,40,0,,-dB,NotchFilter5Depth,Notch Filter 5 Depth,Resonance Suppression (Notch Filter) Attenuation Rate (5),0x02CC,16,All,,,,1,¤,,,,,,,,√,,,,,√,,,,,,
262,P2.103,0,,INT,0x0000,,,,,,,,5,1,10,5,,,NotchFilter5QValue,Notch Filter 5 Qvalue,Resonance suppression (Notch filter) width (5),0x02CE,16,All,,,,1,¤,,,,,,,,√,,,,,,,,,,,
263,P2.104,0,,INT,0x0000,,,,,,,,3,1,800,800,,%,PItoPTorqueThreshold,Torque Threshold to switch from PI to P,P/PI torque switching command condition,0x02D0,16,PT/PR/S/Sz/IO,,,,2,¤,,,,,,,,,,,,,,,,,,,
264,P2.105,0,,INT,0x0000,,,,,,,,5,1,21,11,,,AutoTuningBandwidth,Auto Tuning Bandwidth Configuration,Automatic gain adjustment level 1,0x02D2,16,PT/PR/IO,,,,1,¤,,,,,,,,,,,,,,,,,,,
265,P2.106,0,,DINT,0x0000,,,,,,,,5,1,50331648,2000,,,AutoTuningOvershoot,Auto Tuning Overshoot Configuration,Automatic gain adjustment level 2,0x02D4,32,PT/PR/IO,,,,1,¤,,,,,,,,,,,,,,,,,,,
266,P2.112,0,,UINT,0x0000,,▲,,,,,,3,0x0000,0x000F,0x000C,,,SpecialFunctionConfiguration4,Special Function Configuration 4,Special bit register 4,0x02E0,16,PT/PR/S/Sz/IO,Range: 0 ~ F,,,2,¤,,,,,,,,,,,,,,,,,,,
654,P2.123,0,,DINT,0x0000,,,,,,,,5,0,2147483647,0,,,PositionLoopIzone,Position Loop Izone,Position Loop Izone,0x02F6,32,PT/PR/IO,"new feature. The region, in counts, around the commanded position where
integral gain is active. If the position error is greater than Ki
Zone, the integrator is reset. It has a range of 0…32,767 counts.
2018.01.07: Delta update  Max from 0xFFFFFFFF to 2147483647 (2^31-1)",,,1,¤,,,,,,,,,,,,,,,,,,,
267,P3.004,0,,UINT,0x0000,,,,,,,,7,0,20,0,,s,USBCommTimeout,USB Communication Time Out,Communication Time Out,0x0308,16,All,"01/02: NOT Config (for USB), 
2019.04.26.Temp R-only for ODVA test.
2019.04.25. Reserve and keep it.",,,,,,,,,,,,,,,,,,,,,,,
268,P3.006,0,,UINT,0x0000,,,,■,,,,6,0x0000,0x1FFF,0x0000,,,DIControlSource,Digital Input Control Source,Control Switch of Digital Input (DI),0x030C,16,All,,,,3,¤,,,,,,,,,,,,,,,,,,,
269,P3.007,0,,UINT,0x0000,,,,,,,,7,0,1000,0,,0.5ms,USBCommRespDelayTime,USB Communication Response Delay Time,Communication Response Delay Time,0x030E,16,All,"01/02: NOT Config (for USB)
2019.05.08. Reserve and keep it.",,,,,,,,,,,,,,,,,,,,,,,
270,P3.039,6,20.F5.24.01.30.05,UDINT,0x0000,,▲,●,,◊,,,7,0,0xFFFFFFFF,0xC0A80101,,,IPAddress,IP Address,IP address,0x034E,32,All,"four sub-octet ,  These four parameters should be hidden parameters
01/02: NOT Config (config in Network Page)",,,,¤,,,,√,,,,,,,,,,,,,,,
271,P3.040,6,20.F5.24.01.30.05,UDINT,0x0000,,▲,●,,◊,,,7,0,0xFFFFFFFF,0xFFFFFF00,,,SubnetMask,Subnet Mask,Subnet mask,0x0350,32,All,"four sub-octet
01/02: NOT Config (config in Network Page)",,,,¤,,,,√,,,,,,,,,,,,,,,
272,P3.041,6,20.F5.24.01.30.05,UDINT,0x0000,,▲,●,,◊,,,7,0,0xFFFFFFFF,0xC0A801FE,,,DefaultGateway,Default Gateway,Default Gateway,0x0352,32,All,"four sub-octet
01/02: NOT Config (config in Network Page)
2019.01.11. Default changed from 0xC0A90101 to 0xC0A901FE.",,,,¤,,,,√,,,,,,,,,,,,,,,
273,P3.042,6,20.F5.24.01.30.03,UDINT,0x0000,,▲,●,,◊,,,7,0,1,0,,,DHCPEnable,DHCP Enable,DHCP Enable,0x0354,32,All,"0 - Disable, 1 - Enable
01/02: NOT Config (config in Network Page)",,,,¤,,,,√,,,,,,,,,,,,,,,
274,P4.000,0,,UDINT,0x0000,,,,■,,,,8,0x00000000,0xFFFFFFFF,0x00000000,,,FaultRecordN,Fault Record N,Fault Record (N),0x0400,32,All,"Changed to non-Volatile parameter.
2019.04.24. Delta removed ""read only"". Set 0 will reset all the fault records. But temp keep it for ODVA test.
2019.05.02. removed ""read only""",,,,¤,,,,,,,,,,,,,,,,,,,
275,P4.001,0,,UDINT,0x0010,★,,,■,,,,8,0x00000000,0xFFFFFFFF,0x00000000,,,FaultRecordN1,Fault Record N1,Fault Record (N-1),0x0402,32,All,Changed to non-Volatile parameter,,,,,,,,,,,,,,,,,,,,,,,
276,P4.002,0,,UDINT,0x0010,★,,,■,,,,8,0x00000000,0xFFFFFFFF,0x00000000,,,FaultRecordN2,Fault Record N2,Fault Record (N-2),0x0404,32,All,Changed to non-Volatile parameter,,,,,,,,,,,,,,,,,,,,,,,
277,P4.003,0,,UDINT,0x0010,★,,,■,,,,8,0x00000000,0xFFFFFFFF,0x00000000,,,FaultRecordN3,Fault Record N3,Fault Record (N-3),0x0406,32,All,Changed to non-Volatile parameter,,,,,,,,,,,,,,,,,,,,,,,
278,P4.004,0,,UDINT,0x0010,★,,,■,,,,8,0x00000000,0xFFFFFFFF,0x00000000,,,FaultRecordN4,Fault Record N4,Fault Record (N-4),0x0408,32,All,Changed to non-Volatile parameter,,,,,,,,,,,,,,,,,,,,,,,
279,P4.005,0,,INT,0x0000,,,,,,,,3,"0
0","5000
50000","20
20","1
","RPM
10um/s",JogOperation,Jog Operation,JOG Operation,0x040A,16,All,"Range: 0-50000 for linear motor, 0-5000 for rotary motor
01/02: NOT Config (JOG operation)",,,,¤,,,,,,,,,,,,,,,,,,,
280,P4.006,0,,UINT,0x0000,,,,■,,,,6,0x0000,0x00FF,0x0000,,,DOOverride,Digital Output Override,Digital Output Register (Readable and Writable),0x040C,16,All,"2019.01.30. max changed from 0xFFFF to 0x00FF?? 
2019.03.29. Changed max from 0xFFFF to 0x00FF per test result.",,,3,¤,,,,,,,,,,,,,,,,,,,
281,P4.007,0,,UINT,0x0000,,,,■,,,,6,0x0000,0x1FFF,0x0000,,,DIOverride,Digital Input Override,Multi-funciton of Digital Input,0x040E,16,All,"2019.01.07. Default 0x00E0 ? Change to 0 ?
2019.01.30. max changed from 0x3FFF to 0x1FFF??
2019.03.29. confirmed change.",,,3,¤,,,,,,,,,,,,,,,,,,,
282,P4.008,0,,UINT,0x0010,★,,,■,,,,6,0x0000,0x00FF,0x0000,,,KeypadInputStatus,Drive Keypad Input Status,Input Status of the Drive Keypad (Read-only),0x0410,16,All,,,,,,,,,,,,,,,,,,,,,,,,
283,P4.009,0,,UINT,0x0010,★,,,■,,,,6,0x0000,0x003F,0x0000,,,DOStatus,Digital Output Status,Digital Output Status,0x0412,16,All,12/06: Update for DO#5 Max 0x001F to 0x003F,,,,,,,,,,,,,,,,,,,,,,,
284,P4.010,0,,INT,0x0000,,,,■,,,,3,0,14,0,,,ExecuteHwCalibration,Hardware Calibration Function Execution,Adjustment Selection,0x0414,16,All,"01/02: NOT Config (use to Hw Calibration)
2019.01.17. P2.008 protected. Will modify to return Success directly if value is same with current value.
2019.02.18. modified.",,,,¤,,,,,,,,,,,,,,,,,,,
285,P4.011,0,,INT,0x0000,,,,,,,,3,0,32767,16384,,,PresetAnalogToVelocityOffset,Preset Analog to Velocity Offset,Analog Speed Input Offset Adjustment 1,0x0416,16,All,"01/02: NOT Config (Factory Setting for individual device)
2019.01.17. P2.008 protected. Will modify to return Success directly if value is same with current value.
2019.02.18. modified.",,,,¤,,,,,,,,,,,,,,,,,,,
286,P4.013,0,,INT,0x0000,,,,,,,,3,0,32767,16384,,,PresetAnalogToTorqueOffset,Preset Analog to Torque Offset,Analog Torque Input Offset Adjustment 1,0x041A,16,All,"01/02: NOT Config (Factory Setting for individual device)
2019.01.17. P2.008 protected. Will modify to return Success directly if value is same with current value.
2019.02.18. modified.",,,,¤,,,,,,,,,,,,,,,,,,,
287,P4.015,0,,INT,0x0000,,,,,,,,3,0,32767,16384,,,V1PhaseCurrentSensingOffset,V1 Phase Current Sensing Offset,Current Detector (V1 phase) offset Adjustment,0x041E,16,All,"01/02: NOT Config (Factory Setting for individual device)
2019.01.17. P2.008 protected. Will modify to return Success directly if value is same with current value.
2019.02.18. modified.",,,,¤,,,,,,,,,,,,,,,,,,,
288,P4.017,0,,INT,0x0000,,,,,,,,3,0,32767,16384,,,W1PhaseCurrentSensingOffset,W1 Phase Current Sensing Offset,Current Detector (W1 phase) Offset Adjustment,0x0422,16,All,"01/02: NOT Config (Factory Setting for individual device)
2019.01.17. P2.008 protected. Will modify to return Success directly if value is same with current value.
2019.02.18. modified.",,,,¤,,,,,,,,,,,,,,,,,,,
289,P4.019,0,,INT,0x0000,,,,,,,,3,1,4,2,,,IGBTNTCOffset,IGBT NTC Offset,IGBT NTC Adjustment Deteciton Level (cannot reset),0x0426,16,All,"01/02: NOT Config (Factory Setting for individual device)
2019.01.17. P2.008 protected. Will modify to return Success directly if value is same with current value.
2019.02.18. modified.",,,,¤,,,,,,,,,,,,,,,,,,,
290,P4.020,0,,INT,0x0000,,,,,,,,3,-800,800,0,,mV,AnalogOutput1Offset,Analog Output 1 Offset,Offset Adjustment Value of Analog Monitor (Ch1),0x0428,16,All,"01/02: NOT Config (Factory Setting for individual device)
2019.01.17. P2.008 protected. Will modify to return Success directly if value is same with current value.
2019.02.18. modified.",,,,¤,,,,,,,,,,,,,,,,,,,
291,P4.021,0,,INT,0x0000,,,,,,,,3,-800,800,0,,mV,AnalogOutput2Offset,Analog Output 2 Offset,Offset Adjustment Value of Analog Monitor (Ch2),0x042A,16,All,"01/02: NOT Config (Factory Setting for individual device)
2019.01.17. P2.008 protected. Will modify to return Success directly if value is same with current value.
2019.02.18. modified.",,,,¤,,,,,,,,,,,,,,,,,,,
292,P4.022,0,,INT,0x0000,,,,,,,,3,-5000,5000,0,,mV,UserAnalogToVelocityOffset,User-defined Analog to Velocity Offset,Analog Speed Input OFFSET,0x042C,16,S,,,,2,¤,,,,,,,,,,,,,,,,,,,
293,P4.023,0,,INT,0x0000,,,,,,,,3,-5000,5000,0,,mV,UserAnalogToTorqueOffset,User-defined Analog to Torque Offset,Analog Torque Input OFFSET,0x042E,16,T,,,,2,¤,,,,,,,,,,,,,,,,,,,
294,,0,,USINT,0x0010,★,,,,◊,,,255,0,0,0,,,Reserved294,Reserved294,,,,,"2019.03.29. Change to read only per test result.
2019.04.17. Deleted P4.024 DC Bus Under Voltage Threshold , inst-294 changed to reserved.",,,,,,,,,,,,,,,,,,,,,,,
295,P5.000,0,,DINT,0x0010,★,,,■,,,,3,-2147483648,2147483647,0,,,DSPFwSubVer,DSP Firmware Subversion,Firmware subversion,0x0500,32,All,"2019.04.24.delta changed datatype from UDINT to DINT, so as the min and max.",,,,,,,,,,,,,,,,,,,,,,,
296,P5.003,0,,UDINT,0x0000,,,,,,,,9,0x00000000,0xFFFFFFFF,0xEEEFEEFF,,,AutoProtectionDecelTime,Auto Protection Decel Time,Deceleration Time of Auto Protection,0x0506,32,All,,,,3,¤,,,,,,,,,,,,,,,,,,,
297,P5.004,0,,UINT,0x0000,,,,,,,⌂,9,0x0000,0x012A,0x0000,,,HomingMode,Homing Mode,Homing Mode,0x0508,16,PR/IO,2019.04.24. max changed from 0x128 to 0x012A.,,,4,¤,,,,,,,,,,,,,,,,√,,,
298,P5.005,0,,DINT,0x0000,,,,,,,,9,"1
1","20000
15999999","1000
1000","0.1
1","RPM
um/s",HomingSpeed,Homing Velocity,1st Speed Setting of High Speed Homing,0x050A,32,PR/IO,"Follow A3 range: (1)Panel/Soft: 0.1-6000.0(rotary), 0.1-1599999.9(linear) 
(2)Communication(parameter object): 1-60000()rotary, 1-15999999(linear). Need to check the range per the motor type.
2019.01.30. max changed from 80000 to 20000;
2019.03.29. Confirmed the change.
2019.04.24. Default changed from 200 to 2000.",,,4,¤,,,,,,,,,,,,,,,,√,,,
299,P5.006,0,,DINT,0x0000,,,,,,,,9,"1
1","5000
15999999","200
200","0.1
1","RPM
um/s",HomingCreepSpeed,Homing Creep Velocity,2nd Speed Setting of Low Speed Homing,0x050C,32,PR/IO,"Follow A3 range: (1)Panel/Soft: 0.1-6000.0(rotary), 0.1-1599999.9(linear) 
(2)Communication(parameter object): 1-60000()rotary, 1-15999999(linear)
2019.01.30.max changed from 80000 to 5000.
2019.03.29. Confirmed the change.
2019.04.24. Default changed from 20 to 200.",,,4,¤,,,,,,,,,,,,,,,,√,,,
300,P5.007,0,,INT,0x0000,,,,■,,,,9,0,20099,0,,,PRCmdTrigger,PR Command Trigger,Trigger Position Command (PR mode only),0x050E,16,PR/IO,"Range: 0~99, 1000
01/02: NOT Config (Force to execute PR)
2019.05.02. delta changed max from 1000 to 20099.",,,,¤,,,,,,,,,,,,,,,,,,,
301,P5.008,0,,DINT,0x0000,,,,,,,,9,-2147483648,2147483647,2147483647,,PUU,SoftTravelLimitPositive,Soft Travel Limit Positive,Forward Software Limit,0x0510,32,PR/IO,,,,4,¤,,,,,,,,,√,,,,,,,,,,
302,P5.009,0,,DINT,0x0000,,,,,,,,9,-2147483648,2147483647,-2147483648,,PUU,SoftTravelLimitNegative,Soft Travel Limit Negative,Reverse Software Limit,0x0512,32,PR/IO,"2019.01.11. Default changed form 2147483647 to -2147483647. A3 manual mistake.
2019.04.24. default change from -2147483647 to -2147483648.",,,4,¤,,,,,,,,,√,,,,,,,,,,
303,P5.010,0,,UINT,0x0010,★,,,■,,,,9,0,32767,800,,,DataArraySize,Data Array Size,Data Array.Data Size,0x0514,16,All,"01/02: UINT?
2019.01.07. Delta update to UINT. Min from -32768 to 0.
2019.01.11. Default changed from 0 to 800.",,,,,,,,,,,,,,,,,,,,,,,
304,P5.011,0,,INT,0x0000,,,,■,,,,9,0,32767,0,,,DataArrayRWAddress,Data Array Read/Write Address,Data Array: Address of Reading/Writing,0x0516,16,All,"2019.01.07. Default 10 differ to A3 manual (0).
2019.04.19. It's 0 already.",,,,,,,,,,,,,,,,,,,,,,,
305,P5.012,0,,DINT,0x0000,,,,■,,,,9,-2147483648,2147483647,0,,,DataArrayRWValue1,Data Array Read/Write Value1,Data Array.Window#1 for Reading/Writing,0x0518,32,All,,,,,,,,,,,,,,,,,,,,,,,,
306,P5.013,0,,DINT,0x0000,,,,■,,,,9,-2147483648,2147483647,0,,,DataArrayRWValue2,Data Array Read/Write Value2,Data Array.Window#2 for Reading/Writing,0x051A,32,All,,,,,,,,,,,,,,,,,,,,,,,,
307,P5.015,0,,UINT,0x0000,,,,■,,,⌂,9,0x0000,0x0011,0x0000,,,PRCmd1_2_PowerLossConfiguration,PR CMD#1#2 Power Loss Retention Configuration,PATH#1 ~ PATH#2 No Data Retained Setting,0x051E,16,All,,,,4,¤,,,,,,,,,,,,,,,,,,,
308,P5.016,0,,DINT,0x0000,,,,■,,,,9,-2147483648,2147483647,0,,PUU,FeedbackPosition,Feedback Position,Axis Position.Motor Encoder,0x0520,32,All,01/02: NOT Config (set is for observation purpose only),,,,,,,,,,,,,,,,,,,,,,,
309,P5.017,0,,DINT,0x0000,,,,,,,,9,-2147483648,2147483647,0,,Counts,AuxEncoderPosition,Auxiliary Encoder Position,Axis Position.Auxiliary Encoder,0x0522,32,All,01/02: NOT Config ?,,,,,,,,,,,,,,,,,,,,,,,
310,P5.018,0,,DINT,0x0000,,,,,,,,9,-2147483648,2147483647,0,,Counts,PulseCmdPosition,Pulse Command Position,Axis Position.Pulse Command,0x0524,32,All,01/02: NOT Config ?,2019.01.07. Default 1 differ to A3 manual.,,,,,,,,,,,,,,,,,,,,,,
311,P5.019,0,,DINT,0x0000,,,,,,,,9,-2147000000,2147000000,1000000,1e-06,,ECamCurveScale,E-Cam Curve Scale,E-Cam Curve Scaling,0x0526,32,PR/IO,,,,3,¤,,,,,,,,,,,,,,,,,√,,
312,P5.020,0,,UINT,0x0000,,,,,,,,9,1,65500,200,,ms,AccelDecelTime0,Accel / Decel Time 0,Acceleration / Deceleration Time (Number#0),0x0528,16,PR/IO,,,,4,¤,,,,,,,,,,,,,,√,,,,,
313,P5.021,0,,UINT,0x0000,,,,,,,,9,1,65500,300,,ms,AccelDecelTime1,Accel / Decel Time 1,Acceleration / Deceleration Time (Number#1),0x052A,16,PR/IO,,,,4,¤,,,,,,,,,,,,,,√,,,,,
314,P5.022,0,,UINT,0x0000,,,,,,,,9,1,65500,500,,ms,AccelDecelTime2,Accel / Decel Time 2,Acceleration / Deceleration Time (Number#2),0x052C,16,PR/IO,,,,4,¤,,,,,,,,,,,,,,√,,,,,
315,P5.023,0,,UINT,0x0000,,,,,,,,9,1,65500,600,,ms,AccelDecelTime3,Accel / Decel Time 3,Acceleration / Deceleration Time (Number#3),0x052E,16,PR/IO,,,,4,¤,,,,,,,,,,,,,,√,,,,,
316,P5.024,0,,UINT,0x0000,,,,,,,,9,1,65500,800,,ms,AccelDecelTime4,Accel / Decel Time 4,Acceleration / Deceleration Time (Number#4),0x0530,16,PR/IO,,,,4,¤,,,,,,,,,,,,,,√,,,,,
317,P5.025,0,,UINT,0x0000,,,,,,,,9,1,65500,900,,ms,AccelDecelTime5,Accel / Decel Time 5,Acceleration / Deceleration Time (Number#5),0x0532,16,PR/IO,,,,4,¤,,,,,,,,,,,,,,√,,,,,
318,P5.026,0,,UINT,0x0000,,,,,,,,9,1,65500,1000,,ms,AccelDecelTime6,Accel / Decel Time 6,Acceleration / Deceleration Time (Number#6),0x0534,16,PR/IO,,,,4,¤,,,,,,,,,,,,,,√,,,,,
319,P5.027,0,,UINT,0x0000,,,,,,,,9,1,65500,1200,,ms,AccelDecelTime7,Accel / Decel Time 7,Acceleration / Deceleration Time (Number#7),0x0536,16,PR/IO,,,,4,¤,,,,,,,,,,,,,,√,,,,,
320,P5.028,0,,UINT,0x0000,,,,,,,,9,1,65500,1500,,ms,AccelDecelTime8,Accel / Decel Time 8,Acceleration / Deceleration Time (Number#8),0x0538,16,PR/IO,,,,4,¤,,,,,,,,,,,,,,√,,,,,
321,P5.029,0,,UINT,0x0000,,,,,,,,9,1,65500,2000,,ms,AccelDecelTime9,Accel / Decel Time 9,Acceleration / Deceleration Time (Number#9),0x053A,16,PR/IO,,,,4,¤,,,,,,,,,,,,,,√,,,,,
322,P5.030,0,,UINT,0x0000,,,,,,,,9,1,65500,2500,,ms,AccelDecelTime10,Accel / Decel Time 10,Acceleration / Deceleration Time (Number#10),0x053C,16,PR/IO,,,,4,¤,,,,,,,,,,,,,,√,,,,,
323,P5.031,0,,UINT,0x0000,,,,,,,,9,1,65500,3000,,ms,AccelDecelTime11,Accel / Decel Time 11,Acceleration / Deceleration Time (Number#11),0x053E,16,PR/IO,,,,4,¤,,,,,,,,,,,,,,√,,,,,
324,P5.032,0,,UINT,0x0000,,,,,,,,9,1,65500,5000,,ms,AccelDecelTime12,Accel / Decel Time 12,Acceleration / Deceleration Time (Number#12),0x0540,16,PR/IO,,,,4,¤,,,,,,,,,,,,,,√,,,,,
325,P5.033,0,,UINT,0x0000,,,,,,,,9,1,65500,8000,,ms,AccelDecelTime13,Accel / Decel Time 13,Acceleration / Deceleration Time (Number#13),0x0542,16,PR/IO,,,,4,¤,,,,,,,,,,,,,,√,,,,,
326,P5.034,0,,UINT,0x0000,,,,,,,,9,1,1500,50,,ms,AccelDecelTime14,Accel / Decel Time 14,Acceleration / Deceleration Time (Number#14),0x0544,16,PR/IO,"2019.01.30. max changed to 1500?
2019.03.29. Confirmed the change.",,,4,¤,,,,,,,,,,,,,,√,,,,,
327,P5.035,0,,UINT,0x0000,,,,,,,,9,1,1200,30,,ms,AccelDecelTime15,Accel / Decel Time 15,Acceleration / Deceleration Time (Number#15),0x0546,16,PR/IO,"2019.01.30. max changed to 1200??
2019.03.29. Confirmed the change.",,,4,¤,,,,,,,,,,,,,,√,,,,,
328,P5.036,0,,INT,0x0000,,,,,,,,9,0,799,0,,,DI9CaptureStartAddress,CAPTURE Start Address (DI9),CAPTURE-Start Address of Data Array,0x0548,16,All,"In manual: max value is (P5.010 -1), for parameter object max value is 65535
12/18: Delta modified Max 65535 to 1999.",,,3,¤,,,,,,,,,,,,,,,,,,√,
329,P5.037,0,,DINT,0x0000,,,,■,,,,9,-2147483648,2147483647,0,,,DI9CaptureAxisPosition,CAPTURE Axis Position (DI9),CAPTURE-Axis Position CNT,0x054A,32,All,,"2019.01.07. Default -1  differ to A3 manual
…delta will confirm….",,3,¤,,,,,,,,,,,,,,,,,,√,
330,P5.038,0,,INT,0x0000,,,,■,,,,9,0,800,1,,,DI9CaptureRemainedCount,CAPTURE Remained Count (DI9),CAPTURE-The Number of Capturing Times,0x054C,16,All,"In manual: max value is (P5.010-P5.036), for parameter object max value is 65535
12/18: Delta modified Max 65535 to 1999.
2019.04.08. Default is 1 which is unresonable. Change min to 0??
2019.04.24. Min changed from 1 to 0. Set 0 will return ""Device state conflict""",,,3,¤,,,,,,,,,,,,,,,,,,√,
331,P5.039,0,,UDINT,0x0000,,,,■,,,⌂,9,0x00000000,0x6F00F13F,0x32002010,,,DI9CaptureControl,CAPTURE Control (DI9),CAPTURE-Activate CAP Control,0x054E,16,All,,,,3,¤,,,,,,,,,,,,,,,,,,√,
332,P5.040,0,,UINT,0x0000,,,,,,,,9,0,32767,0,,ms,PositionCompletedDelay0,Position Completed Delay 0,Delay Time After Position Completed (Number#0),0x0550,16,PR/IO,,,,4,¤,,,,,,,,,,,,,,√,,,,,
333,P5.041,0,,UINT,0x0000,,,,,,,,9,0,32767,100,,ms,PositionCompletedDelay1,Position Completed Delay 1,Delay Time After Position Completed (Number#1),0x0552,16,PR/IO,,,,4,¤,,,,,,,,,,,,,,√,,,,,
334,P5.042,0,,UINT,0x0000,,,,,,,,9,0,32767,200,,ms,PositionCompletedDelay2,Position Completed Delay 2,Delay Time After Position Completed (Number#2),0x0554,16,PR/IO,,,,4,¤,,,,,,,,,,,,,,√,,,,,
335,P5.043,0,,UINT,0x0000,,,,,,,,9,0,32767,400,,ms,PositionCompletedDelay3,Position Completed Delay 3,Delay Time After Position Completed (Number#3),0x0556,16,PR/IO,,,,4,¤,,,,,,,,,,,,,,√,,,,,
336,P5.044,0,,UINT,0x0000,,,,,,,,9,0,32767,500,,ms,PositionCompletedDelay4,Position Completed Delay 4,Delay Time After Position Completed (Number#4),0x0558,16,PR/IO,,,,4,¤,,,,,,,,,,,,,,√,,,,,
337,P5.045,0,,UINT,0x0000,,,,,,,,9,0,32767,800,,ms,PositionCompletedDelay5,Position Completed Delay 5,Delay Time After Position Completed (Number#5),0x055A,16,PR/IO,,,,4,¤,,,,,,,,,,,,,,√,,,,,
338,P5.046,0,,UINT,0x0000,,,,,,,,9,0,32767,1000,,ms,PositionCompletedDelay6,Position Completed Delay 6,Delay Time After Position Completed (Number#6),0x055C,16,PR/IO,,,,4,¤,,,,,,,,,,,,,,√,,,,,
339,P5.047,0,,UINT,0x0000,,,,,,,,9,0,32767,1500,,ms,PositionCompletedDelay7,Position Completed Delay 7,Delay Time After Position Completed (Number#7),0x055E,16,PR/IO,,,,4,¤,,,,,,,,,,,,,,√,,,,,
340,P5.048,0,,UINT,0x0000,,,,,,,,9,0,32767,2000,,ms,PositionCompletedDelay8,Position Completed Delay 8,Delay Time After Position Completed (Number#8),0x0560,16,PR/IO,,,,4,¤,,,,,,,,,,,,,,√,,,,,
341,P5.049,0,,UINT,0x0000,,,,,,,,9,0,32767,2500,,ms,PositionCompletedDelay9,Position Completed Delay 9,Delay Time After Position Completed (Number#9),0x0562,16,PR/IO,,,,4,¤,,,,,,,,,,,,,,√,,,,,
342,P5.050,0,,UINT,0x0000,,,,,,,,9,0,32767,3000,,ms,PositionCompletedDelay10,Position Completed Delay 10,Delay Time After Position Completed (Number#10),0x0564,16,PR/IO,,,,4,¤,,,,,,,,,,,,,,√,,,,,
343,P5.051,0,,UINT,0x0000,,,,,,,,9,0,32767,3500,,ms,PositionCompletedDelay11,Position Completed Delay 11,Delay Time After Position Completed (Number#11),0x0566,16,PR/IO,,,,4,¤,,,,,,,,,,,,,,√,,,,,
344,P5.052,0,,UINT,0x0000,,,,,,,,9,0,32767,4000,,ms,PositionCompletedDelay12,Position Completed Delay 12,Delay Time After Position Completed (Number#12),0x0568,16,PR/IO,,,,4,¤,,,,,,,,,,,,,,√,,,,,
345,P5.053,0,,UINT,0x0000,,,,,,,,9,0,32767,4500,,ms,PositionCompletedDelay13,Position Completed Delay 13,Delay Time After Position Completed (Number#13),0x056A,16,PR/IO,,,,4,¤,,,,,,,,,,,,,,√,,,,,
346,P5.054,0,,UINT,0x0000,,,,,,,,9,0,32767,5000,,ms,PositionCompletedDelay14,Position Completed Delay 14,Delay Time After Position Completed (Number#14),0x056C,16,PR/IO,,,,4,¤,,,,,,,,,,,,,,√,,,,,
347,P5.055,0,,UINT,0x0000,,,,,,,,9,0,32767,5500,,ms,PositionCompletedDelay15,Position Completed Delay 15,Delay Time After Position Completed (Number#15),0x056E,16,PR/IO,,,,4,¤,,,,,,,,,,,,,,√,,,,,
348,P5.056,0,,INT,0x0000,,,,,,,,9,0,799,50,,,CompareStartAddress,COMPARE Start Address,COMPARE-Start Address of Data Array,0x0570,16,All,"In manual: max value is (P5.010 -1), for parameter object max value is 65535
12/18: Delta modified Max 65535 to 1999.",,,3,¤,,,,,,,,,,,,,,,,,,,√
349,P5.057,0,,DINT,0x0000,,,,■,,,,9,-2147483648,2147483647,0,,,CompareAxisPosition,COMPARE Axis Position,COMPARE-Axis Position,0x0572,32,All,,"2019.01.07. No motor, 400W Drive, no power board, default -2, with power board is -16431",,3,¤,,,,,,,,,,,,,,,,,,,√
350,P5.058,0,,INT,0x0000,,,,■,,,,9,0,800,1,,,CompareRemainedCount,COMPARE Remained Count,COMPARE-Compare Amount,0x0574,16,All,"In manual: max value is (P5.010-P5.036), for parameter object max value is 65535
12/18: Delta modified Max 65535 to 1999.
2019.04.08. Default is 1 which is unresonable. Change min to 0??
2019.04.24. Min changed from 1 to 0. Set 0 will return ""Device state conflict""",,,3,¤,,,,,,,,,,,,,,,,,,,√
351,P5.059,0,,UDINT,0x0000,,,,■,,,⌂,9,0x00010000,0x0FFF313F,0x00640010,,,CompareControl,COMPARE Control,COMPARE-Activate CMP Control,0x0576,32,All,"2019.01.17. Min value is 0 differ to A3 manual
2019.04.19. Delta confirmed min is 0x00010000.",,,3,¤,,,,,,,,,,,,,,,,,,,√
352,P5.060,0,,DINT,0x0000,,,,,,,,9,"0
0","80000
15999999","200
200","0.1
1","RPM
um/s",PresetVelocity0,Preset Velocity 0,Target Speed Setting #0,0x0578,32,PR/IO,"Follow A3 range: (1)Panel/Soft: 0.1-6000.0(rotary), 0.1-1599999.9(linear) 
(2)Communication(parameter object): 1-60000()rotary, 1-15999999(linear). Need to check the range per the motor type.
2021.02.17: The rotation max speed does not same as P1.009 because position move need consider electric gear ratio, if user want use higher speed, we suggest fine tune electric gear ratio.",,,4,¤,,,,,,,,,,,,,,√,,,,,
353,P5.061,0,,DINT,0x0000,,,,,,,,9,"0
0","80000
15999999","500
500","0.1
1","RPM
um/s",PresetVelocity1,Preset Velocity 1,Target Speed Setting #1,0x057A,32,PR/IO,"Follow A3 range: (1)Panel/Soft: 0.1-6000.0(rotary), 0.1-1599999.9(linear) 
(2)Communication(parameter object): 1-60000()rotary, 1-15999999(linear). Need to check the range per the motor type.
2021.02.17: The rotation max speed does not same as P1.009 because position move need consider electric gear ratio, if user want use higher speed, we suggest fine tune electric gear ratio.",,,4,¤,,,,,,,,,,,,,,√,,,,,
354,P5.062,0,,DINT,0x0000,,,,,,,,9,"0
0","80000
15999999","1000
1000","0.1
1","RPM
um/s",PresetVelocity2,Preset Velocity 2,Target Speed Setting #2,0x057C,32,PR/IO,"Follow A3 range: (1)Panel/Soft: 0.1-6000.0(rotary), 0.1-1599999.9(linear) 
(2)Communication(parameter object): 1-60000()rotary, 1-15999999(linear)
2021.02.17: The rotation max speed does not same as P1.009 because position move need consider electric gear ratio, if user want use higher speed, we suggest fine tune electric gear ratio.",,,4,¤,,,,,,,,,,,,,,√,,,,,
355,P5.063,0,,DINT,0x0000,,,,,,,,9,"0
0","80000
15999999","2000
2000","0.1
1","RPM
um/s",PresetVelocity3,Preset Velocity 3,Target Speed Setting #3,0x057E,32,PR/IO,"Follow A3 range: (1)Panel/Soft: 0.1-6000.0(rotary), 0.1-1599999.9(linear) 
(2)Communication(parameter object): 1-60000()rotary, 1-15999999(linear). Need to check the range per the motor type.
2021.02.17: The rotation max speed does not same as P1.009 because position move need consider electric gear ratio, if user want use higher speed, we suggest fine tune electric gear ratio.",,,4,¤,,,,,,,,,,,,,,√,,,,,
356,P5.064,0,,DINT,0x0000,,,,,,,,9,"0
0","80000
15999999","3000
3000","0.1
1","RPM
um/s",PresetVelocity4,Preset Velocity 4,Target Speed Setting #4,0x0580,32,PR/IO,"Follow A3 range: (1)Panel/Soft: 0.1-6000.0(rotary), 0.1-1599999.9(linear) 
(2)Communication(parameter object): 1-60000()rotary, 1-15999999(linear). Need to check the range per the motor type.
2021.02.17: The rotation max speed does not same as P1.009 because position move need consider electric gear ratio, if user want use higher speed, we suggest fine tune electric gear ratio.",,,4,¤,,,,,,,,,,,,,,√,,,,,
357,P5.065,0,,DINT,0x0000,,,,,,,,9,"0
0","80000
15999999","5000
5000","0.1
1","RPM
um/s",PresetVelocity5,Preset Velocity 5,Target Speed Setting #5,0x0582,32,PR/IO,"Follow A3 range: (1)Panel/Soft: 0.1-6000.0(rotary), 0.1-1599999.9(linear) 
(2)Communication(parameter object): 1-60000()rotary, 1-15999999(linear). Need to check the range per the motor type.
2021.02.17: The rotation max speed does not same as P1.009 because position move need consider electric gear ratio, if user want use higher speed, we suggest fine tune electric gear ratio.",,,4,¤,,,,,,,,,,,,,,√,,,,,
358,P5.066,0,,DINT,0x0000,,,,,,,,9,"0
0","80000
15999999","6000
6000","0.1
1","RPM
um/s",PresetVelocity6,Preset Velocity 6,Target Speed Setting #6,0x0584,32,PR/IO,"Follow A3 range: (1)Panel/Soft: 0.1-6000.0(rotary), 0.1-1599999.9(linear) 
(2)Communication(parameter object): 1-60000()rotary, 1-15999999(linear). Need to check the range per the motor type.
2021.02.17: The rotation max speed does not same as P1.009 because position move need consider electric gear ratio, if user want use higher speed, we suggest fine tune electric gear ratio.",,,4,¤,,,,,,,,,,,,,,√,,,,,
359,P5.067,0,,DINT,0x0000,,,,,,,,9,"0
0","80000
15999999","8000
8000","0.1
1","RPM
um/s",PresetVelocity7,Preset Velocity 7,Target Speed Setting #7,0x0586,32,PR/IO,"Follow A3 range: (1)Panel/Soft: 0.1-6000.0(rotary), 0.1-1599999.9(linear) 
(2)Communication(parameter object): 1-60000()rotary, 1-15999999(linear). Need to check the range per the motor type.
2021.02.17: The rotation max speed does not same as P1.009 because position move need consider electric gear ratio, if user want use higher speed, we suggest fine tune electric gear ratio.",,,4,¤,,,,,,,,,,,,,,√,,,,,
360,P5.068,0,,DINT,0x0000,,,,,,,,9,"0
0","80000
15999999","10000
10000","0.1
1","RPM
um/s",PresetVelocity8,Preset Velocity 8,Target Speed Setting #8,0x0588,32,PR/IO,"Follow A3 range: (1)Panel/Soft: 0.1-6000.0(rotary), 0.1-1599999.9(linear) 
(2)Communication(parameter object): 1-60000()rotary, 1-15999999(linear)
2021.02.17: The rotation max speed does not same as P1.009 because position move need consider electric gear ratio, if user want use higher speed, we suggest fine tune electric gear ratio.",,,4,¤,,,,,,,,,,,,,,√,,,,,
361,P5.069,0,,DINT,0x0000,,,,,,,,9,"0
0","80000
15999999","13000
13000","0.1
1","RPM
um/s",PresetVelocity9,Preset Velocity 9,Target Speed Setting #9,0x058A,32,PR/IO,"Follow A3 range: (1)Panel/Soft: 0.1-6000.0(rotary), 0.1-1599999.9(linear) 
(2)Communication(parameter object): 1-60000()rotary, 1-15999999(linear). Need to check the range per the motor type.
2021.02.17: The rotation max speed does not same as P1.009 because position move need consider electric gear ratio, if user want use higher speed, we suggest fine tune electric gear ratio.",,,4,¤,,,,,,,,,,,,,,√,,,,,
362,P5.070,0,,DINT,0x0000,,,,,,,,9,"0
0","80000
15999999","15000
15000","0.1
1","RPM
um/s",PresetVelocity10,Preset Velocity 10,Target Speed Setting #10,0x058C,32,PR/IO,"Follow A3 range: (1)Panel/Soft: 0.1-6000.0(rotary), 0.1-1599999.9(linear) 
(2)Communication(parameter object): 1-60000()rotary, 1-15999999(linear). Need to check the range per the motor type.
2021.02.17: The rotation max speed does not same as P1.009 because position move need consider electric gear ratio, if user want use higher speed, we suggest fine tune electric gear ratio.",,,4,¤,,,,,,,,,,,,,,√,,,,,
363,P5.071,0,,DINT,0x0000,,,,,,,,9,"0
0","80000
15999999","18000
18000","0.1
1","RPM
um/s",PresetVelocity11,Preset Velocity 11,Target Speed Setting #11,0x058E,32,PR/IO,"Follow A3 range: (1)Panel/Soft: 0.1-6000.0(rotary), 0.1-1599999.9(linear) 
(2)Communication(parameter object): 1-60000()rotary, 1-15999999(linear). Need to check the range per the motor type.
2021.02.17: The rotation max speed does not same as P1.009 because position move need consider electric gear ratio, if user want use higher speed, we suggest fine tune electric gear ratio.",,,4,¤,,,,,,,,,,,,,,√,,,,,
364,P5.072,0,,DINT,0x0000,,,,,,,,9,"0
0","80000
15999999","20000
20000","0.1
1","RPM
um/s",PresetVelocity12,Preset Velocity 12,Target Speed Setting #12,0x0590,32,PR/IO,"Follow A3 range: (1)Panel/Soft: 0.1-6000.0(rotary), 0.1-1599999.9(linear) 
(2)Communication(parameter object): 1-60000()rotary, 1-15999999(linear). Need to check the range per the motor type.
2021.02.17: The rotation max speed does not same as P1.009 because position move need consider electric gear ratio, if user want use higher speed, we suggest fine tune electric gear ratio.",,,4,¤,,,,,,,,,,,,,,√,,,,,
365,P5.073,0,,DINT,0x0000,,,,,,,,9,"0
0","80000
15999999","23000
23000","0.1
1","RPM
um/s",PresetVelocity13,Preset Velocity 13,Target Speed Setting #13,0x0592,32,PR/IO,"Follow A3 range: (1)Panel/Soft: 0.1-6000.0(rotary), 0.1-1599999.9(linear) 
(2)Communication(parameter object): 1-60000()rotary, 1-15999999(linear). Need to check the range per the motor type.
2021.02.17: The rotation max speed does not same as P1.009 because position move need consider electric gear ratio, if user want use higher speed, we suggest fine tune electric gear ratio.",,,4,¤,,,,,,,,,,,,,,√,,,,,
366,P5.074,0,,DINT,0x0000,,,,,,,,9,"0
0","80000
15999999","25000
25000","0.1
1","RPM
um/s",PresetVelocity14,Preset Velocity 14,Target Speed Setting #14,0x0594,32,PR/IO,"Follow A3 range: (1)Panel/Soft: 0.1-6000.0(rotary), 0.1-1599999.9(linear) 
(2)Communication(parameter object): 1-60000()rotary, 1-15999999(linear). Need to check the range per the motor type.
2021.02.17: The rotation max speed does not same as P1.009 because position move need consider electric gear ratio, if user want use higher speed, we suggest fine tune electric gear ratio.",,,4,¤,,,,,,,,,,,,,,√,,,,,
367,P5.075,0,,DINT,0x0000,,,,,,,,9,"0
0","80000
15999999","30000
30000","0.1
1","RPM
um/s",PresetVelocity15,Preset Velocity 15,Target Speed Setting #15,0x0596,32,PR/IO,"Follow A3 range: (1)Panel/Soft: 0.1-6000.0(rotary), 0.1-1599999.9(linear) 
(2)Communication(parameter object): 1-60000()rotary, 1-15999999(linear). Need to check the range per the motor type.
2021.02.17: The rotation max speed does not same as P1.009 because position move need consider electric gear ratio, if user want use higher speed, we suggest fine tune electric gear ratio.",,,4,¤,,,,,,,,,,,,,,√,,,,,
368,P5.076,0,,DINT,0x0000,,,,,,,,9,-1073741824,1073741823,0,,,DI9FirstCaptureResetPosition,First Capture Reset Position (DI9),CAPTURE.First Position Reset Data,0x0598,32,All,,,,3,¤,,,,,,,,,,,,,,,,,,√,
369,P5.081,0,,INT,0x0000,,,,,,,,9,0,795,100,,,ECamStartAddress,E-Cam Start Address,E-CAM: Start Address of Data Array,0x05A2,16,PR/IO,"12/18: Delta modified. P5-010.
2019.05.08. max changed from 799 to 795.",,,3,¤,,,,,,,,,,,,,,,,,√,,
370,P5.082,0,,INT,0x0000,,,,,,,,9,5,720,5,,,ECamAreaNumber,E-Cam Area Number,E-Cam: E-Cam Area Number N (at least >=5),0x05A4,16,PR/IO,Must <= P5.010-P5.081,,,3,¤,,,,,,,,,,,,,,,,,√,,
371,P5.083,0,,INT,0x0000,,,,,,,,9,1,32767,1,,,ECamSlaveCycleNumberM,E-CAM Slave Cycle Number M,E-Cam: Master Gear Ratio Setting M,0x05A6,16,PR/IO,"2019.05.08. Seems max has changed to 720??
2019.05.15. P5.082 * P5.083 < P5.084. default max is 720 since 5*720<=3600.",,,3,¤,,,,,,,,,,,,,,,,,√,,
372,P5.084,0,,DINT,0x0000,,,,,,,,9,10,1073741823,3600,,,ECamMasterPulseNumberP,E-CAM Master Pulse Number P,E-Cam: Master Gear Ratio Setting P,0x05A8,32,PR/IO,"Special parameter, must bigger than #370 * #371",,,3,¤,,,,,,,,,,,,,,,,,√,,
373,P5.085,0,,INT,0x0000,,,,,,,,9,0,719,0,,,ECamEngagedAreaNumber,E-CAM Engaged Area Number,E-Cam: Number of Area,0x05AA,16,PR/IO,,,,3,¤,,,,,,,,,,,,,,,,,√,,
374,P5.086,0,,DINT,0x0000,,,,■,,,,9,-2147483648,2147483647,0,,,ECamMasterAxisPosition,E-CAM Master Axis Position,E-Cam: Master Axis Position,0x05AC,32,PR/IO,,2019.01.07. Default -1  differ to A3 manual,,3,¤,,,,,,,,,,,,,,,,,√,,
375,P5.087,0,,DINT,0x0000,,,,,,,,9,-1073741824,1073741823,0,,,ECamLeadPulseBeforeEngaged,E-CAM Lead Pulse Before Engaged,E-Cam: Lead Pulse,0x05AE,32,PR/IO,,,,3,¤,,,,,,,,,,,,,,,,,√,,
376,P5.088,0,,UDINT,0x0000,,,,,,,⌂,9,0x00000010,0x0063F147,0x00000010,,,ECamControl,Enable E-CAM Control,E-Cam: Activate E-Cam Control,0x05B0,32,PR/IO,"Delete the command source of 0: Capture axis, 3: PR command, 5: Synchronous capture axis (P5.077),6: Analog channel 1 (Virtual axis, Unit: 1M pulse/s per 10V) 
Delete the Engaging time of 2: Any one position data is captured
2019.04.24. max changed from 0x203FF257 to 0x203FF267.
2019.05.08.max changed from 0x203FF267 to 0x203FF147. Min and Default changed from 0x0 to 0x00000010.
2019.05.15. Fixed.
2019.10.30. Delta removed E-Cam State (byte7) and removed volatile property.",,,3,¤,,,,,,,,,,,,,,,,,√,,
377,P5.089,0,,DINT,0x0000,,,,,,,,9,-1073741824,1073741823,0,,,ECamMasterPositionToDisengage,E-CAM Master Position to Disengage,E-Cam: Information of Disengaging Time,0x05B2,32,PR/IO,,,,3,¤,,,,,,,,,,,,,,,,,√,,
378,P5.090,0,,INT,0x0000,,,,,,,,9,0,360,270,,Degrees,ECamDOCamArea1RisingEdgeAngle,ECam DO.Cam Area1 Rising Edge Angle,E-Cam: Area No. + The Point of DO ON,0x05B4,16,PR/IO,,,,3,¤,,,,,,,,,,,,,,,,,√,,
379,P5.091,0,,INT,0x0000,,,,,,,,9,0,360,360,,Degrees,ECamDOCamArea1FallingEdgeAngle,ECam DO.Cam Area1 Falling Edge Angle,E-Cam: Area No..The Point of DO OFF,0x05B6,16,PR/IO,,,,3,¤,,,,,,,,,,,,,,,,,√,,
380,P5.092,0,,DINT,0x0000,,,,,,,,9,-2147483648,2147483647,0,,,ECamSkippedMasterPulses,E-CAM Skipped Master Position Pulses before Re-Engage,E-Cam: Pre-engaged Time of Each Cycle,0x05B8,32,PR/IO,,,,3,¤,,,,,,,,,,,,,,,,,,,
381,P5.093,0,,UDINT,0x0000,,,,,,,,9,0x00000000,0xFFFFFFFF,0x00000000,,,MacroCmdParameter4,Macro Command Parameter 4,Motion Control Macro Command: Command Parameter #4,0x05BA,32,All,,,,3,¤,,,,,,,,,,,,,,,,,,,
382,P5.094,0,,DINT,0x0000,,,,,,,,9,-2147483648,2147483647,0,,,MacroCmdParameter3,Macro Command Parameter 3,Motion Control Macro Command: Command Parameter #3,0x05BC,32,All,,,,3,¤,,,,,,,,,,,,,,,,,,,
383,P5.095,0,,DINT,0x0000,,,,,,,,9,-2147483648,2147483647,0,,,MacroCmdParameter2,Macro Command Parameter 2,Motion Control Macro Command: Command Parameter #2,0x05BE,32,All,,,,3,¤,,,,,,,,,,,,,,,,,,,
384,P5.096,0,,DINT,0x0000,,,,,,,,9,-2147483648,2147483647,0,,,MacroCmdParameter1,Macro Command Parameter 1,Motion Control Macro Command: Command Parameter #1,0x05C0,32,All,,,,3,¤,,,,,,,,,,,,,,,,,,,
385,P5.097,0,,UINT,0x0000,,,,■,,,⌂,9,0x0000,0xF99F,0x0000,,,MacroCmdIssue&Result,Macro Command Issue / Result,Motion Control Macro Command: Issue Command / Executing Result,0x05C2,16,All,"e.g. Set 0x0003, read back with 0x1003(success) or 0xF03X(fail) or 0xF001(not support).
01/02: NOT Config (execute Macro Command)
2019.02.18. Modified to return success if set value equal to current value.
01/02: max value issue, set 0x099F will return 0x199F if success, return 0xF99F fail.
2019.02.21. Max changed from 0x099F to 0xF99F",,,,¤,,,,,,,,,,,,,,,,,,,
386,P5.098,0,,UINT,0x0000,,,,,,,⌂,9,0x0000,0xDDDD,0x0000,,,EventRisingEdgePRNumber,PR Command Number at Event Rising Edge,PR# Triggered by Event Rising-Edge,0x05C4,16,PR/IO,,,,4,¤,,,,,,,,,,,,,,,√,,,,
387,P5.099,0,,UINT,0x0000,,,,,,,⌂,9,0x0000,0xDDDD,0x0000,,,EventFallingEdgePRNumber,PR Command Number at Event Falling Edge,PR# Triggered by Event Falling-Edge,0x05C6,16,PR/IO,,,,4,¤,,,,,,,,,,,,,,,√,,,,
388,P5.100,0,,DINT,0x0000,,,,■,,,,9,-2147483648,2147483647,0,,,DataArrayRWValue3,Data Array Read/Write Value3,Data array.Window #3 for reading / writing,0x05C8,32,All,,,,,,,,,,,,,,,,,,,,,,,,
389,P5.101,0,,DINT,0x0000,,,,■,,,,9,-2147483648,2147483647,0,,,DataArrayRWValue4,Data Array Read/Write Value4,Data array.Window #4 for reading / writing,0x05CA,32,All,,,,,,,,,,,,,,,,,,,,,,,,
390,P5.102,0,,DINT,0x0000,,,,■,,,,9,-2147483648,2147483647,0,,,DataArrayRWValue5,Data Array Read/Write Value5,Data array.Window #5 for reading / writing,0x05CC,32,All,,,,,,,,,,,,,,,,,,,,,,,,
391,P5.103,0,,DINT,0x0000,,,,■,,,,9,-2147483648,2147483647,0,,,DataArrayRWValue6,Data Array Read/Write Value6,Data array.Window #6 for reading / writing,0x05CE,32,All,,,,,,,,,,,,,,,,,,,,,,,,
392,P5.107,0,,INT,0x0000,,,,,,,,9,0,799,10,,,DI10CaptureStartAddress,CAPTURE Start Address (DI10),CAPTURE-Start Address of Data Array,0x05D6,16,All,"like P5.036, Added for high speed DI8 台达Regroup时候调整
01/02:Delta forgot to update to 1999, refer for P5-036
2019.01.07.Delta update Max from 32767 to 1999.",,,3,¤,,,,,,,,,,,,,,,,,,√,
393,P5.108,0,,DINT,0x0000,,,,■,,,,9,-2147483648,2147483647,0,,,DI10CaptureAxisPosition,CAPTURE Axis Position (DI10),CAPTURE-Axis Position CNT,0x05D8,32,All,"like P5.037, Added for high speed DI8 台达Regroup时候调整",2019.01.07. Default -1?? Refer to P5.037.,,3,¤,,,,,,,,,,,,,,,,,,√,
394,P5.109,0,,INT,0x0000,,,,■,,,,9,0,800,1,,,DI10CaptureRemainedCount,CAPTURE Remained Count (DI10),CAPTURE-The Number of Capturing Times,0x05DA,16,All,"like P5.038, Added for high speed DI8 台达Regroup时候调整
01/02:Delta forgot to update to 1999, refer for P5-036
2019.01.07.Delta update Max from 32767 to 1999.
2019.04.08. Default is 1 which is unresonable. Change min to 0??
2019.04.24. Min changed from 1 to 0. Set 0 will return ""Device state conflict""",,,3,¤,,,,,,,,,,,,,,,,,,√,
395,P5.110,0,,UDINT,0x0000,,,,■,,,,9,0x00000000,0x6F00F13F,0x3C002010,,,DI10CaptureControl,CAPTURE Control (DI10),CAPTURE-Activate CAP Control,0x05DC,16,All,"like P5.039, Added for high speed DI8 台达Regroup时候调整",,,3,¤,,,,,,,,,,,,,,,,,,√,
396,P5.111,0,,DINT,0x0000,,,,,,,,9,-1073741824,1073741823,0,,,DI10FirstCaptureResetPosition,First Capture Reset Position (DI10),CAPTURE.First Position Reset Data,0x05DE,32,All,"like P5.076, Added for high speed DI8 台达Regroup时候调整",,,3,¤,,,,,,,,,,,,,,,,,,√,
397,P6.000,0,,UDINT,0x0000,,,,,,,⌂,10,0x00000000,0xFFFFFF63,0x00000000,,,HomingSetting,Homing Setting,Homing Definition,0x0600,32,PR/IO,"12/06: Group update 9 to 10.
2019.03.05. Test result shows Max is 0xFFFF_FF63. 0x63=99.
2019.03.29. Confirmed the change.",,,4,¤,,,,,,,,,,,,,,,,√,,,
398,P6.001,0,,DINT,0x0000,,,,,,,,10,-2147483648,2147483647,0,,,HomePosition,Home Position,Origin Definition,0x0602,32,PR/IO,12/06: Group update 9 to 10.,,,4,¤,,,,,,,,,,,,,,,,√,,,
399,P6.002,0,,UDINT,0x0000,,,,,,,⌂,10,0x00000000,0xFFFFFFFF,0x00000000,,,PRCmd1Setting,PR Command1 Setting,PATH#1  Definition,0x0604,32,PR/IO,12/06: Group update 9 to 10.,,,4,¤,,,,,,,,,,,,,,,,,,,
400,P6.003,0,,DINT,0x0000,,,,,,,,10,-2147483648,2147483647,0,,,PRCmd1Data,PR Command1 Data,PATH#1  Data,0x0606,32,PR/IO,12/06: Group update 9 to 10.,,,4,¤,,,,,,,,,,,,,,,,,,,
401,P6.004,0,,UDINT,0x0000,,,,,,,⌂,10,0x00000000,0xFFFFFFFF,0x00000000,,,PRCmd2Setting,PR Command2 Setting,PATH#2  Definition,0x0608,32,PR/IO,12/06: Group update 9 to 10.,,,4,¤,,,,,,,,,,,,,,,,,,,
402,P6.005,0,,DINT,0x0000,,,,,,,,10,-2147483648,2147483647,0,,,PRCmd2Data,PR Command2 Data,PATH#2  Data,0x060A,32,PR/IO,12/06: Group update 9 to 10.,,,4,¤,,,,,,,,,,,,,,,,,,,
403,P6.006,0,,UDINT,0x0000,,,,,,,⌂,10,0x00000000,0xFFFFFFFF,0x00000000,,,PRCmd3Setting,PR Command3 Setting,PATH#3  Definition,0x060C,32,PR/IO,12/06: Group update 9 to 10.,,,4,¤,,,,,,,,,,,,,,,,,,,
404,P6.007,0,,DINT,0x0000,,,,,,,,10,-2147483648,2147483647,0,,,PRCmd3Data,PR Command3 Data,PATH#3  Data,0x060E,32,PR/IO,12/06: Group update 9 to 10.,,,4,¤,,,,,,,,,,,,,,,,,,,
405,P6.008,0,,UDINT,0x0000,,,,,,,⌂,10,0x00000000,0xFFFFFFFF,0x00000000,,,PRCmd4Setting,PR Command4 Setting,PATH#4  Definition,0x0610,32,PR/IO,12/06: Group update 9 to 10.,,,4,¤,,,,,,,,,,,,,,,,,,,
406,P6.009,0,,DINT,0x0000,,,,,,,,10,-2147483648,2147483647,0,,,PRCmd4Data,PR Command4 Data,PATH#4  Data,0x0612,32,PR/IO,12/06: Group update 9 to 10.,,,4,¤,,,,,,,,,,,,,,,,,,,
407,P6.010,0,,UDINT,0x0000,,,,,,,⌂,10,0x00000000,0xFFFFFFFF,0x00000000,,,PRCmd5Setting,PR Command5 Setting,PATH#5  Definition,0x0614,32,PR/IO,12/06: Group update 9 to 10.,,,4,¤,,,,,,,,,,,,,,,,,,,
408,P6.011,0,,DINT,0x0000,,,,,,,,10,-2147483648,2147483647,0,,,PRCmd5Data,PR Command5 Data,PATH#5  Data,0x0616,32,PR/IO,12/06: Group update 9 to 10.,,,4,¤,,,,,,,,,,,,,,,,,,,
409,P6.012,0,,UDINT,0x0000,,,,,,,⌂,10,0x00000000,0xFFFFFFFF,0x00000000,,,PRCmd6Setting,PR Command6 Setting,PATH#6  Definition,0x0618,32,PR/IO,12/06: Group update 9 to 10.,,,4,¤,,,,,,,,,,,,,,,,,,,
410,P6.013,0,,DINT,0x0000,,,,,,,,10,-2147483648,2147483647,0,,,PRCmd6Data,PR Command6 Data,PATH#6  Data,0x061A,32,PR/IO,12/06: Group update 9 to 10.,,,4,¤,,,,,,,,,,,,,,,,,,,
411,P6.014,0,,UDINT,0x0000,,,,,,,⌂,10,0x00000000,0xFFFFFFFF,0x00000000,,,PRCmd7Setting,PR Command7 Setting,PATH#7  Definition,0x061C,32,PR/IO,12/06: Group update 9 to 10.,,,4,¤,,,,,,,,,,,,,,,,,,,
412,P6.015,0,,DINT,0x0000,,,,,,,,10,-2147483648,2147483647,0,,,PRCmd7Data,PR Command7 Data,PATH#7  Data,0x061E,32,PR/IO,12/06: Group update 9 to 10.,,,4,¤,,,,,,,,,,,,,,,,,,,
413,P6.016,0,,UDINT,0x0000,,,,,,,⌂,10,0x00000000,0xFFFFFFFF,0x00000000,,,PRCmd8Setting,PR Command8 Setting,PATH#8  Definition,0x0620,32,PR/IO,12/06: Group update 9 to 10.,,,4,¤,,,,,,,,,,,,,,,,,,,
414,P6.017,0,,DINT,0x0000,,,,,,,,10,-2147483648,2147483647,0,,,PRCmd8Data,PR Command8 Data,PATH#8  Data,0x0622,32,PR/IO,12/06: Group update 9 to 10.,,,4,¤,,,,,,,,,,,,,,,,,,,
415,P6.018,0,,UDINT,0x0000,,,,,,,⌂,10,0x00000000,0xFFFFFFFF,0x00000000,,,PRCmd9Setting,PR Command9 Setting,PATH#9  Definition,0x0624,32,PR/IO,12/06: Group update 9 to 10.,,,4,¤,,,,,,,,,,,,,,,,,,,
416,P6.019,0,,DINT,0x0000,,,,,,,,10,-2147483648,2147483647,0,,,PRCmd9Data,PR Command9 Data,PATH#9  Data,0x0626,32,PR/IO,12/06: Group update 9 to 10.,,,4,¤,,,,,,,,,,,,,,,,,,,
417,P6.020,0,,UDINT,0x0000,,,,,,,⌂,10,0x00000000,0xFFFFFFFF,0x00000000,,,PRCmd10Setting,PR Command10 Setting,PATH#10  Definition,0x0628,32,PR/IO,12/06: Group update 9 to 10.,,,5,¤,,,,,,,,,,,,,,,,,,,
418,P6.021,0,,DINT,0x0000,,,,,,,,10,-2147483648,2147483647,0,,,PRCmd10Data,PR Command10 Data,PATH#10  Data,0x062A,32,PR/IO,12/06: Group update 9 to 10.,,,5,¤,,,,,,,,,,,,,,,,,,,
419,P6.022,0,,UDINT,0x0000,,,,,,,⌂,10,0x00000000,0xFFFFFFFF,0x00000000,,,PRCmd11Setting,PR Command11 Setting,PATH#11  Definition,0x062C,32,PR/IO,12/06: Group update 9 to 10.,,,5,¤,,,,,,,,,,,,,,,,,,,
420,P6.023,0,,DINT,0x0000,,,,,,,,10,-2147483648,2147483647,0,,,PRCmd11Data,PR Command11 Data,PATH#11  Data,0x062E,32,PR/IO,12/06: Group update 9 to 10.,,,5,¤,,,,,,,,,,,,,,,,,,,
421,P6.024,0,,UDINT,0x0000,,,,,,,⌂,10,0x00000000,0xFFFFFFFF,0x00000000,,,PRCmd12Setting,PR Command12 Setting,PATH#12  Definition,0x0630,32,PR/IO,12/06: Group update 9 to 10.,,,5,¤,,,,,,,,,,,,,,,,,,,
422,P6.025,0,,DINT,0x0000,,,,,,,,10,-2147483648,2147483647,0,,,PRCmd12Data,PR Command12 Data,PATH#12  Data,0x0632,32,PR/IO,12/06: Group update 9 to 10.,,,5,¤,,,,,,,,,,,,,,,,,,,
423,P6.026,0,,UDINT,0x0000,,,,,,,⌂,10,0x00000000,0xFFFFFFFF,0x00000000,,,PRCmd13Setting,PR Command13 Setting,PATH#13  Definition,0x0634,32,PR/IO,12/06: Group update 9 to 10.,,,5,¤,,,,,,,,,,,,,,,,,,,
424,P6.027,0,,DINT,0x0000,,,,,,,,10,-2147483648,2147483647,0,,,PRCmd13Data,PR Command13 Data,PATH#13  Data,0x0636,32,PR/IO,12/06: Group update 9 to 10.,,,5,¤,,,,,,,,,,,,,,,,,,,
425,P6.028,0,,UDINT,0x0000,,,,,,,⌂,10,0x00000000,0xFFFFFFFF,0x00000000,,,PRCmd14Setting,PR Command14 Setting,PATH#14  Definition,0x0638,32,PR/IO,12/06: Group update 9 to 10.,,,5,¤,,,,,,,,,,,,,,,,,,,
426,P6.029,0,,DINT,0x0000,,,,,,,,10,-2147483648,2147483647,0,,,PRCmd14Data,PR Command14 Data,PATH#14  Data,0x063A,32,PR/IO,12/06: Group update 9 to 10.,,,5,¤,,,,,,,,,,,,,,,,,,,
427,P6.030,0,,UDINT,0x0000,,,,,,,⌂,10,0x00000000,0xFFFFFFFF,0x00000000,,,PRCmd15Setting,PR Command15 Setting,PATH#15  Definition,0x063C,32,PR/IO,12/06: Group update 9 to 10.,,,5,¤,,,,,,,,,,,,,,,,,,,
428,P6.031,0,,DINT,0x0000,,,,,,,,10,-2147483648,2147483647,0,,,PRCmd15Data,PR Command15 Data,PATH#15  Data,0x063E,32,PR/IO,12/06: Group update 9 to 10.,,,5,¤,,,,,,,,,,,,,,,,,,,
429,P6.032,0,,UDINT,0x0000,,,,,,,⌂,10,0x00000000,0xFFFFFFFF,0x00000000,,,PRCmd16Setting,PR Command16 Setting,PATH#16  Definition,0x0640,32,PR/IO,12/06: Group update 9 to 10.,,,5,¤,,,,,,,,,,,,,,,,,,,
430,P6.033,0,,DINT,0x0000,,,,,,,,10,-2147483648,2147483647,0,,,PRCmd16Data,PR Command16 Data,PATH#16  Data,0x0642,32,PR/IO,12/06: Group update 9 to 10.,,,5,¤,,,,,,,,,,,,,,,,,,,
431,P6.034,0,,UDINT,0x0000,,,,,,,⌂,10,0x00000000,0xFFFFFFFF,0x00000000,,,PRCmd17Setting,PR Command17 Setting,PATH#17  Definition,0x0644,32,PR/IO,12/06: Group update 9 to 10.,,,5,¤,,,,,,,,,,,,,,,,,,,
432,P6.035,0,,DINT,0x0000,,,,,,,,10,-2147483648,2147483647,0,,,PRCmd17Data,PR Command17 Data,PATH#17  Data,0x0646,32,PR/IO,12/06: Group update 9 to 10.,,,5,¤,,,,,,,,,,,,,,,,,,,
433,P6.036,0,,UDINT,0x0000,,,,,,,⌂,10,0x00000000,0xFFFFFFFF,0x00000000,,,PRCmd18Setting,PR Command18 Setting,PATH#18  Definition,0x0648,32,PR/IO,12/06: Group update 9 to 10.,,,5,¤,,,,,,,,,,,,,,,,,,,
434,P6.037,0,,DINT,0x0000,,,,,,,,10,-2147483648,2147483647,0,,,PRCmd18Data,PR Command18 Data,PATH#18  Data,0x064A,32,PR/IO,12/06: Group update 9 to 10.,,,5,¤,,,,,,,,,,,,,,,,,,,
435,P6.038,0,,UDINT,0x0000,,,,,,,⌂,10,0x00000000,0xFFFFFFFF,0x00000000,,,PRCmd19Setting,PR Command19 Setting,PATH#19  Definition,0x064C,32,PR/IO,12/06: Group update 9 to 10.,,,5,¤,,,,,,,,,,,,,,,,,,,
436,P6.039,0,,DINT,0x0000,,,,,,,,10,-2147483648,2147483647,0,,,PRCmd19Data,PR Command19 Data,PATH#19  Data,0x064E,32,PR/IO,12/06: Group update 9 to 10.,,,5,¤,,,,,,,,,,,,,,,,,,,
437,P6.040,0,,UDINT,0x0000,,,,,,,⌂,10,0x00000000,0xFFFFFFFF,0x00000000,,,PRCmd20Setting,PR Command20 Setting,PATH#20  Definition,0x0650,32,PR/IO,12/06: Group update 9 to 10.,,,5,¤,,,,,,,,,,,,,,,,,,,
438,P6.041,0,,DINT,0x0000,,,,,,,,10,-2147483648,2147483647,0,,,PRCmd20Data,PR Command20 Data,PATH#20  Data,0x0652,32,PR/IO,12/06: Group update 9 to 10.,,,5,¤,,,,,,,,,,,,,,,,,,,
439,P6.042,0,,UDINT,0x0000,,,,,,,⌂,10,0x00000000,0xFFFFFFFF,0x00000000,,,PRCmd21Setting,PR Command21 Setting,PATH#21  Definition,0x0654,32,PR/IO,12/06: Group update 9 to 10.,,,5,¤,,,,,,,,,,,,,,,,,,,
440,P6.043,0,,DINT,0x0000,,,,,,,,10,-2147483648,2147483647,0,,,PRCmd21Data,PR Command21 Data,PATH#21  Data,0x0656,32,PR/IO,12/06: Group update 9 to 10.,,,5,¤,,,,,,,,,,,,,,,,,,,
441,P6.044,0,,UDINT,0x0000,,,,,,,⌂,10,0x00000000,0xFFFFFFFF,0x00000000,,,PRCmd22Setting,PR Command22 Setting,PATH#22  Definition,0x0658,32,PR/IO,12/06: Group update 9 to 10.,,,5,¤,,,,,,,,,,,,,,,,,,,
442,P6.045,0,,DINT,0x0000,,,,,,,,10,-2147483648,2147483647,0,,,PRCmd22Data,PR Command22 Data,PATH#22  Data,0x065A,32,PR/IO,12/06: Group update 9 to 10.,,,5,¤,,,,,,,,,,,,,,,,,,,
443,P6.046,0,,UDINT,0x0000,,,,,,,⌂,10,0x00000000,0xFFFFFFFF,0x00000000,,,PRCmd23Setting,PR Command23 Setting,PATH#23  Definition,0x065C,32,PR/IO,12/06: Group update 9 to 10.,,,5,¤,,,,,,,,,,,,,,,,,,,
444,P6.047,0,,DINT,0x0000,,,,,,,,10,-2147483648,2147483647,0,,,PRCmd23Data,PR Command23 Data,PATH#23  Data,0x065E,32,PR/IO,12/06: Group update 9 to 10.,,,5,¤,,,,,,,,,,,,,,,,,,,
445,P6.048,0,,UDINT,0x0000,,,,,,,⌂,10,0x00000000,0xFFFFFFFF,0x00000000,,,PRCmd24Setting,PR Command24 Setting,PATH#24  Definition,0x0660,32,PR/IO,12/06: Group update 9 to 10.,,,5,¤,,,,,,,,,,,,,,,,,,,
446,P6.049,0,,DINT,0x0000,,,,,,,,10,-2147483648,2147483647,0,,,PRCmd24Data,PR Command24 Data,PATH#24  Data,0x0662,32,PR/IO,12/06: Group update 9 to 10.,,,5,¤,,,,,,,,,,,,,,,,,,,
447,P6.050,0,,UDINT,0x0000,,,,,,,⌂,10,0x00000000,0xFFFFFFFF,0x00000000,,,PRCmd25Setting,PR Command25 Setting,PATH#25  Definition,0x0664,32,PR/IO,12/06: Group update 9 to 10.,,,5,¤,,,,,,,,,,,,,,,,,,,
448,P6.051,0,,DINT,0x0000,,,,,,,,10,-2147483648,2147483647,0,,,PRCmd25Data,PR Command25 Data,PATH#25  Data,0x0666,32,PR/IO,12/06: Group update 9 to 10.,,,5,¤,,,,,,,,,,,,,,,,,,,
449,P6.052,0,,UDINT,0x0000,,,,,,,⌂,10,0x00000000,0xFFFFFFFF,0x00000000,,,PRCmd26Setting,PR Command26 Setting,PATH#26  Definition,0x0668,32,PR/IO,12/06: Group update 9 to 10.,,,5,¤,,,,,,,,,,,,,,,,,,,
450,P6.053,0,,DINT,0x0000,,,,,,,,10,-2147483648,2147483647,0,,,PRCmd26Data,PR Command26 Data,PATH#26  Data,0x066A,32,PR/IO,12/06: Group update 9 to 10.,,,5,¤,,,,,,,,,,,,,,,,,,,
451,P6.054,0,,UDINT,0x0000,,,,,,,⌂,10,0x00000000,0xFFFFFFFF,0x00000000,,,PRCmd27Setting,PR Command27 Setting,PATH#27  Definition,0x066C,32,PR/IO,12/06: Group update 9 to 10.,,,5,¤,,,,,,,,,,,,,,,,,,,
452,P6.055,0,,DINT,0x0000,,,,,,,,10,-2147483648,2147483647,0,,,PRCmd27Data,PR Command27 Data,PATH#27  Data,0x066E,32,PR/IO,12/06: Group update 9 to 10.,,,5,¤,,,,,,,,,,,,,,,,,,,
453,P6.056,0,,UDINT,0x0000,,,,,,,⌂,10,0x00000000,0xFFFFFFFF,0x00000000,,,PRCmd28Setting,PR Command28 Setting,PATH#28  Definition,0x0670,32,PR/IO,12/06: Group update 9 to 10.,,,5,¤,,,,,,,,,,,,,,,,,,,
454,P6.057,0,,DINT,0x0000,,,,,,,,10,-2147483648,2147483647,0,,,PRCmd28Data,PR Command28 Data,PATH#28  Data,0x0672,32,PR/IO,12/06: Group update 9 to 10.,,,5,¤,,,,,,,,,,,,,,,,,,,
455,P6.058,0,,UDINT,0x0000,,,,,,,⌂,10,0x00000000,0xFFFFFFFF,0x00000000,,,PRCmd29Setting,PR Command29 Setting,PATH#29  Definition,0x0674,32,PR/IO,12/06: Group update 9 to 10.,,,5,¤,,,,,,,,,,,,,,,,,,,
456,P6.059,0,,DINT,0x0000,,,,,,,,10,-2147483648,2147483647,0,,,PRCmd29Data,PR Command29 Data,PATH#29  Data,0x0676,32,PR/IO,12/06: Group update 9 to 10.,,,5,¤,,,,,,,,,,,,,,,,,,,
457,P6.060,0,,UDINT,0x0000,,,,,,,⌂,10,0x00000000,0xFFFFFFFF,0x00000000,,,PRCmd30Setting,PR Command30 Setting,PATH#30  Definition,0x0678,32,PR/IO,12/06: Group update 9 to 10.,,,5,¤,,,,,,,,,,,,,,,,,,,
458,P6.061,0,,DINT,0x0000,,,,,,,,10,-2147483648,2147483647,0,,,PRCmd30Data,PR Command30 Data,PATH#30  Data,0x067A,32,PR/IO,12/06: Group update 9 to 10.,,,5,¤,,,,,,,,,,,,,,,,,,,
459,P6.062,0,,UDINT,0x0000,,,,,,,⌂,10,0x00000000,0xFFFFFFFF,0x00000000,,,PRCmd31Setting,PR Command31 Setting,PATH#31  Definition,0x067C,32,PR/IO,12/06: Group update 9 to 10.,,,5,¤,,,,,,,,,,,,,,,,,,,
460,P6.063,0,,DINT,0x0000,,,,,,,,10,-2147483648,2147483647,0,,,PRCmd31Data,PR Command31 Data,PATH#31  Data,0x067E,32,PR/IO,12/06: Group update 9 to 10.,,,5,¤,,,,,,,,,,,,,,,,,,,
461,P6.064,0,,UDINT,0x0000,,,,,,,⌂,10,0x00000000,0xFFFFFFFF,0x00000000,,,PRCmd32Setting,PR Command32 Setting,PATH#32  Definition,0x0680,32,PR/IO,12/06: Group update 9 to 10.,,,5,¤,,,,,,,,,,,,,,,,,,,
462,P6.065,0,,DINT,0x0000,,,,,,,,10,-2147483648,2147483647,0,,,PRCmd32Data,PR Command32 Data,PATH#32  Data,0x0682,32,PR/IO,12/06: Group update 9 to 10.,,,5,¤,,,,,,,,,,,,,,,,,,,
463,P6.066,0,,UDINT,0x0000,,,,,,,⌂,10,0x00000000,0xFFFFFFFF,0x00000000,,,PRCmd33Setting,PR Command33 Setting,PATH#33  Definition,0x0684,32,PR/IO,12/06: Group update 9 to 10.,,,5,¤,,,,,,,,,,,,,,,,,,,
464,P6.067,0,,DINT,0x0000,,,,,,,,10,-2147483648,2147483647,0,,,PRCmd33Data,PR Command33 Data,PATH#33  Data,0x0686,32,PR/IO,12/06: Group update 9 to 10.,,,5,¤,,,,,,,,,,,,,,,,,,,
465,P6.068,0,,UDINT,0x0000,,,,,,,⌂,10,0x00000000,0xFFFFFFFF,0x00000000,,,PRCmd34Setting,PR Command34 Setting,PATH#34  Definition,0x0688,32,PR/IO,12/06: Group update 9 to 10.,,,5,¤,,,,,,,,,,,,,,,,,,,
466,P6.069,0,,DINT,0x0000,,,,,,,,10,-2147483648,2147483647,0,,,PRCmd34Data,PR Command34 Data,PATH#34  Data,0x068A,32,PR/IO,12/06: Group update 9 to 10.,,,5,¤,,,,,,,,,,,,,,,,,,,
467,P6.070,0,,UDINT,0x0000,,,,,,,⌂,10,0x00000000,0xFFFFFFFF,0x00000000,,,PRCmd35Setting,PR Command35 Setting,PATH#35  Definition,0x068C,32,PR/IO,12/06: Group update 9 to 10.,,,5,¤,,,,,,,,,,,,,,,,,,,
468,P6.071,0,,DINT,0x0000,,,,,,,,10,-2147483648,2147483647,0,,,PRCmd35Data,PR Command35 Data,PATH#35  Data,0x068E,32,PR/IO,12/06: Group update 9 to 10.,,,5,¤,,,,,,,,,,,,,,,,,,,
469,P6.072,0,,UDINT,0x0000,,,,,,,⌂,10,0x00000000,0xFFFFFFFF,0x00000000,,,PRCmd36Setting,PR Command36 Setting,PATH#36  Definition,0x0690,32,PR/IO,12/06: Group update 9 to 10.,,,5,¤,,,,,,,,,,,,,,,,,,,
470,P6.073,0,,DINT,0x0000,,,,,,,,10,-2147483648,2147483647,0,,,PRCmd36Data,PR Command36 Data,PATH#36  Data,0x0692,32,PR/IO,12/06: Group update 9 to 10.,,,5,¤,,,,,,,,,,,,,,,,,,,
471,P6.074,0,,UDINT,0x0000,,,,,,,⌂,10,0x00000000,0xFFFFFFFF,0x00000000,,,PRCmd37Setting,PR Command37 Setting,PATH#37  Definition,0x0694,32,PR/IO,12/06: Group update 9 to 10.,,,5,¤,,,,,,,,,,,,,,,,,,,
472,P6.075,0,,DINT,0x0000,,,,,,,,10,-2147483648,2147483647,0,,,PRCmd37Data,PR Command37 Data,PATH#37  Data,0x0696,32,PR/IO,12/06: Group update 9 to 10.,,,5,¤,,,,,,,,,,,,,,,,,,,
473,P6.076,0,,UDINT,0x0000,,,,,,,⌂,10,0x00000000,0xFFFFFFFF,0x00000000,,,PRCmd38Setting,PR Command38 Setting,PATH#38  Definition,0x0698,32,PR/IO,12/06: Group update 9 to 10.,,,5,¤,,,,,,,,,,,,,,,,,,,
474,P6.077,0,,DINT,0x0000,,,,,,,,10,-2147483648,2147483647,0,,,PRCmd38Data,PR Command38 Data,PATH#38  Data,0x069A,32,PR/IO,12/06: Group update 9 to 10.,,,5,¤,,,,,,,,,,,,,,,,,,,
475,P6.078,0,,UDINT,0x0000,,,,,,,⌂,10,0x00000000,0xFFFFFFFF,0x00000000,,,PRCmd39Setting,PR Command39 Setting,PATH#39  Definition,0x069C,32,PR/IO,12/06: Group update 9 to 10.,,,5,¤,,,,,,,,,,,,,,,,,,,
476,P6.079,0,,DINT,0x0000,,,,,,,,10,-2147483648,2147483647,0,,,PRCmd39Data,PR Command39 Data,PATH#39  Data,0x069E,32,PR/IO,12/06: Group update 9 to 10.,,,5,¤,,,,,,,,,,,,,,,,,,,
477,P6.080,0,,UDINT,0x0000,,,,,,,⌂,10,0x00000000,0xFFFFFFFF,0x00000000,,,PRCmd40Setting,PR Command40 Setting,PATH#40  Definition,0x06A0,32,PR/IO,12/06: Group update 9 to 10.,,,6,¤,,,,,,,,,,,,,,,,,,,
478,P6.081,0,,DINT,0x0000,,,,,,,,10,-2147483648,2147483647,0,,,PRCmd40Data,PR Command40 Data,PATH#40  Data,0x06A2,32,PR/IO,12/06: Group update 9 to 10.,,,6,¤,,,,,,,,,,,,,,,,,,,
479,P6.082,0,,UDINT,0x0000,,,,,,,⌂,10,0x00000000,0xFFFFFFFF,0x00000000,,,PRCmd41Setting,PR Command41 Setting,PATH#41  Definition,0x06A4,32,PR/IO,12/06: Group update 9 to 10.,,,6,¤,,,,,,,,,,,,,,,,,,,
480,P6.083,0,,DINT,0x0000,,,,,,,,10,-2147483648,2147483647,0,,,PRCmd41Data,PR Command41 Data,PATH#41  Data,0x06A6,32,PR/IO,12/06: Group update 9 to 10.,,,6,¤,,,,,,,,,,,,,,,,,,,
481,P6.084,0,,UDINT,0x0000,,,,,,,⌂,10,0x00000000,0xFFFFFFFF,0x00000000,,,PRCmd42Setting,PR Command42 Setting,PATH#42  Definition,0x06A8,32,PR/IO,12/06: Group update 9 to 10.,,,6,¤,,,,,,,,,,,,,,,,,,,
482,P6.085,0,,DINT,0x0000,,,,,,,,10,-2147483648,2147483647,0,,,PRCmd42Data,PR Command42 Data,PATH#42  Data,0x06AA,32,PR/IO,12/06: Group update 9 to 10.,,,6,¤,,,,,,,,,,,,,,,,,,,
483,P6.086,0,,UDINT,0x0000,,,,,,,⌂,10,0x00000000,0xFFFFFFFF,0x00000000,,,PRCmd43Setting,PR Command43 Setting,PATH#43  Definition,0x06AC,32,PR/IO,12/06: Group update 9 to 10.,,,6,¤,,,,,,,,,,,,,,,,,,,
484,P6.087,0,,DINT,0x0000,,,,,,,,10,-2147483648,2147483647,0,,,PRCmd43Data,PR Command43 Data,PATH#43  Data,0x06AE,32,PR/IO,12/06: Group update 9 to 10.,,,6,¤,,,,,,,,,,,,,,,,,,,
485,P6.088,0,,UDINT,0x0000,,,,,,,⌂,10,0x00000000,0xFFFFFFFF,0x00000000,,,PRCmd44Setting,PR Command44 Setting,PATH#44  Definition,0x06B0,32,PR/IO,12/06: Group update 9 to 10.,,,6,¤,,,,,,,,,,,,,,,,,,,
486,P6.089,0,,DINT,0x0000,,,,,,,,10,-2147483648,2147483647,0,,,PRCmd44Data,PR Command44 Data,PATH#44  Data,0x06B2,32,PR/IO,12/06: Group update 9 to 10.,,,6,¤,,,,,,,,,,,,,,,,,,,
487,P6.090,0,,UDINT,0x0000,,,,,,,⌂,10,0x00000000,0xFFFFFFFF,0x00000000,,,PRCmd45Setting,PR Command45 Setting,PATH#45  Definition,0x06B4,32,PR/IO,12/06: Group update 9 to 10.,,,6,¤,,,,,,,,,,,,,,,,,,,
488,P6.091,0,,DINT,0x0000,,,,,,,,10,-2147483648,2147483647,0,,,PRCmd45Data,PR Command45 Data,PATH#45  Data,0x06B6,32,PR/IO,12/06: Group update 9 to 10.,,,6,¤,,,,,,,,,,,,,,,,,,,
489,P6.092,0,,UDINT,0x0000,,,,,,,⌂,10,0x00000000,0xFFFFFFFF,0x00000000,,,PRCmd46Setting,PR Command46 Setting,PATH#46  Definition,0x06B8,32,PR/IO,12/06: Group update 9 to 10.,,,6,¤,,,,,,,,,,,,,,,,,,,
490,P6.093,0,,DINT,0x0000,,,,,,,,10,-2147483648,2147483647,0,,,PRCmd46Data,PR Command46 Data,PATH#46  Data,0x06BA,32,PR/IO,12/06: Group update 9 to 10.,,,6,¤,,,,,,,,,,,,,,,,,,,
491,P6.094,0,,UDINT,0x0000,,,,,,,⌂,10,0x00000000,0xFFFFFFFF,0x00000000,,,PRCmd47Setting,PR Command47 Setting,PATH#47  Definition,0x06BC,32,PR/IO,12/06: Group update 9 to 10.,,,6,¤,,,,,,,,,,,,,,,,,,,
492,P6.095,0,,DINT,0x0000,,,,,,,,10,-2147483648,2147483647,0,,,PRCmd47Data,PR Command47 Data,PATH#47  Data,0x06BE,32,PR/IO,12/06: Group update 9 to 10.,,,6,¤,,,,,,,,,,,,,,,,,,,
493,P6.096,0,,UDINT,0x0000,,,,,,,⌂,10,0x00000000,0xFFFFFFFF,0x00000000,,,PRCmd48Setting,PR Command48 Setting,PATH#48  Definition,0x06C0,32,PR/IO,12/06: Group update 9 to 10.,,,6,¤,,,,,,,,,,,,,,,,,,,
494,P6.097,0,,DINT,0x0000,,,,,,,,10,-2147483648,2147483647,0,,,PRCmd48Data,PR Command48 Data,PATH#48  Data,0x06C2,32,PR/IO,12/06: Group update 9 to 10.,,,6,¤,,,,,,,,,,,,,,,,,,,
495,P6.098,0,,UDINT,0x0000,,,,,,,⌂,10,0x00000000,0xFFFFFFFF,0x00000000,,,PRCmd49Setting,PR Command49 Setting,PATH#49  Definition,0x06C4,32,PR/IO,12/06: Group update 9 to 10.,,,6,¤,,,,,,,,,,,,,,,,,,,
496,P6.099,0,,DINT,0x0000,,,,,,,,10,-2147483648,2147483647,0,,,PRCmd49Data,PR Command49 Data,PATH#49  Data,0x06C6,32,PR/IO,12/06: Group update 9 to 10.,,,6,¤,,,,,,,,,,,,,,,,,,,
497,P7.000,0,,UDINT,0x0000,,,,,,,⌂,10,0x00000000,0xFFFFFFFF,0x00000000,,,PRCmd50Setting,PR Command50 Setting,PATH#50  Definition,0x0700,32,PR/IO,12/06: Group update 9 to 10.,,,6,¤,,,,,,,,,,,,,,,,,,,
498,P7.001,0,,DINT,0x0000,,,,,,,,10,-2147483648,2147483647,0,,,PRCmd50Data,PR Command50 Data,PATH#50  Data,0x0702,32,PR/IO,12/06: Group update 9 to 10.,,,6,¤,,,,,,,,,,,,,,,,,,,
499,P7.002,0,,UDINT,0x0000,,,,,,,⌂,10,0x00000000,0xFFFFFFFF,0x00000000,,,PRCmd51Setting,PR Command51 Setting,PATH#51  Definition,0x0704,32,PR/IO,12/06: Group update 9 to 10.,,,6,¤,,,,,,,,,,,,,,,√,,,,
500,P7.003,0,,DINT,0x0000,,,,,,,,10,-2147483648,2147483647,0,,,PRCmd51Data,PR Command51 Data,PATH#51  Data,0x0706,32,PR/IO,12/06: Group update 9 to 10.,,,6,¤,,,,,,,,,,,,,,,√,,,,
501,P7.004,0,,UDINT,0x0000,,,,,,,⌂,10,0x00000000,0xFFFFFFFF,0x00000000,,,PRCmd52Setting,PR Command52 Setting,PATH#52  Definition,0x0708,32,PR/IO,12/06: Group update 9 to 10.,,,6,¤,,,,,,,,,,,,,,,√,,,,
502,P7.005,0,,DINT,0x0000,,,,,,,,10,-2147483648,2147483647,0,,,PRCmd52Data,PR Command52 Data,PATH#52  Data,0x070A,32,PR/IO,12/06: Group update 9 to 10.,,,6,¤,,,,,,,,,,,,,,,√,,,,
503,P7.006,0,,UDINT,0x0000,,,,,,,⌂,10,0x00000000,0xFFFFFFFF,0x00000000,,,PRCmd53Setting,PR Command53 Setting,PATH#53  Definition,0x070C,32,PR/IO,12/06: Group update 9 to 10.,,,6,¤,,,,,,,,,,,,,,,√,,,,
504,P7.007,0,,DINT,0x0000,,,,,,,,10,-2147483648,2147483647,0,,,PRCmd53Data,PR Command53 Data,PATH#53  Data,0x070E,32,PR/IO,12/06: Group update 9 to 10.,,,6,¤,,,,,,,,,,,,,,,√,,,,
505,P7.008,0,,UDINT,0x0000,,,,,,,⌂,10,0x00000000,0xFFFFFFFF,0x00000000,,,PRCmd54Setting,PR Command54 Setting,PATH#54  Definition,0x0710,32,PR/IO,12/06: Group update 9 to 10.,,,6,¤,,,,,,,,,,,,,,,√,,,,
506,P7.009,0,,DINT,0x0000,,,,,,,,10,-2147483648,2147483647,0,,,PRCmd54Data,PR Command54 Data,PATH#54  Data,0x0712,32,PR/IO,12/06: Group update 9 to 10.,,,6,¤,,,,,,,,,,,,,,,√,,,,
507,P7.010,0,,UDINT,0x0000,,,,,,,⌂,10,0x00000000,0xFFFFFFFF,0x00000000,,,PRCmd55Setting,PR Command55 Setting,PATH#55  Definition,0x0714,32,PR/IO,12/06: Group update 9 to 10.,,,6,¤,,,,,,,,,,,,,,,√,,,,
508,P7.011,0,,DINT,0x0000,,,,,,,,10,-2147483648,2147483647,0,,,PRCmd55Data,PR Command55 Data,PATH#55  Data,0x0716,32,PR/IO,12/06: Group update 9 to 10.,,,6,¤,,,,,,,,,,,,,,,√,,,,
509,P7.012,0,,UDINT,0x0000,,,,,,,⌂,10,0x00000000,0xFFFFFFFF,0x00000000,,,PRCmd56Setting,PR Command56 Setting,PATH#56  Definition,0x0718,32,PR/IO,12/06: Group update 9 to 10.,,,6,¤,,,,,,,,,,,,,,,√,,,,
510,P7.013,0,,DINT,0x0000,,,,,,,,10,-2147483648,2147483647,0,,,PRCmd56Data,PR Command56 Data,PATH#56  Data,0x071A,32,PR/IO,12/06: Group update 9 to 10.,,,6,¤,,,,,,,,,,,,,,,√,,,,
511,P7.014,0,,UDINT,0x0000,,,,,,,⌂,10,0x00000000,0xFFFFFFFF,0x00000000,,,PRCmd57Setting,PR Command57 Setting,PATH#57  Definition,0x071C,32,PR/IO,12/06: Group update 9 to 10.,,,6,¤,,,,,,,,,,,,,,,√,,,,
512,P7.015,0,,DINT,0x0000,,,,,,,,10,-2147483648,2147483647,0,,,PRCmd57Data,PR Command57 Data,PATH#57  Data,0x071E,32,PR/IO,12/06: Group update 9 to 10.,,,6,¤,,,,,,,,,,,,,,,√,,,,
513,P7.016,0,,UDINT,0x0000,,,,,,,⌂,10,0x00000000,0xFFFFFFFF,0x00000000,,,PRCmd58Setting,PR Command58 Setting,PATH#58  Definition,0x0720,32,PR/IO,12/06: Group update 9 to 10.,,,6,¤,,,,,,,,,,,,,,,√,,,,
514,P7.017,0,,DINT,0x0000,,,,,,,,10,-2147483648,2147483647,0,,,PRCmd58Data,PR Command58 Data,PATH#58  Data,0x0722,32,PR/IO,12/06: Group update 9 to 10.,,,6,¤,,,,,,,,,,,,,,,√,,,,
515,P7.018,0,,UDINT,0x0000,,,,,,,⌂,10,0x00000000,0xFFFFFFFF,0x00000000,,,PRCmd59Setting,PR Command59 Setting,PATH#59  Definition,0x0724,32,PR/IO,12/06: Group update 9 to 10.,,,6,¤,,,,,,,,,,,,,,,√,,,,
516,P7.019,0,,DINT,0x0000,,,,,,,,10,-2147483648,2147483647,0,,,PRCmd59Data,PR Command59 Data,PATH#59  Data,0x0726,32,PR/IO,12/06: Group update 9 to 10.,,,6,¤,,,,,,,,,,,,,,,√,,,,
517,P7.020,0,,UDINT,0x0000,,,,,,,⌂,10,0x00000000,0xFFFFFFFF,0x00000000,,,PRCmd60Setting,PR Command60 Setting,PATH#60  Definition,0x0728,32,PR/IO,12/06: Group update 9 to 10.,,,6,¤,,,,,,,,,,,,,,,√,,,,
518,P7.021,0,,DINT,0x0000,,,,,,,,10,-2147483648,2147483647,0,,,PRCmd60Data,PR Command60 Data,PATH#60  Data,0x072A,32,PR/IO,12/06: Group update 9 to 10.,,,6,¤,,,,,,,,,,,,,,,√,,,,
519,P7.022,0,,UDINT,0x0000,,,,,,,⌂,10,0x00000000,0xFFFFFFFF,0x00000000,,,PRCmd61Setting,PR Command61 Setting,PATH#61  Definition,0x072C,32,PR/IO,12/06: Group update 9 to 10.,,,6,¤,,,,,,,,,,,,,,,√,,,,
520,P7.023,0,,DINT,0x0000,,,,,,,,10,-2147483648,2147483647,0,,,PRCmd61Data,PR Command61 Data,PATH#61  Data,0x072E,32,PR/IO,12/06: Group update 9 to 10.,,,6,¤,,,,,,,,,,,,,,,√,,,,
521,P7.024,0,,UDINT,0x0000,,,,,,,⌂,10,0x00000000,0xFFFFFFFF,0x00000000,,,PRCmd62Setting,PR Command62 Setting,PATH#62  Definition,0x0730,32,PR/IO,12/06: Group update 9 to 10.,,,6,¤,,,,,,,,,,,,,,,√,,,,
522,P7.025,0,,DINT,0x0000,,,,,,,,10,-2147483648,2147483647,0,,,PRCmd62Data,PR Command62 Data,PATH#62  Data,0x0732,32,PR/IO,12/06: Group update 9 to 10.,,,6,¤,,,,,,,,,,,,,,,√,,,,
523,P7.026,0,,UDINT,0x0000,,,,,,,⌂,10,0x00000000,0xFFFFFFFF,0x00000000,,,PRCmd63Setting,PR Command63 Setting,PATH#63  Definition,0x0734,32,PR/IO,12/06: Group update 9 to 10.,,,6,¤,,,,,,,,,,,,,,,√,,,,
524,P7.027,0,,DINT,0x0000,,,,,,,,10,-2147483648,2147483647,0,,,PRCmd63Data,PR Command63 Data,PATH#63  Data,0x0736,32,PR/IO,12/06: Group update 9 to 10.,,,6,¤,,,,,,,,,,,,,,,√,,,,
525,P7.028,0,,UDINT,0x0000,,,,,,,⌂,10,0x00000000,0xFFFFFFFF,0x00000000,,,PRCmd64Setting,PR Command64 Setting,PATH#64  Definition,0x0738,32,PR/IO,12/06: Group update 9 to 10.,,,6,¤,,,,,,,,,,,,,,,,,,,
526,P7.029,0,,DINT,0x0000,,,,,,,,10,-2147483648,2147483647,0,,,PRCmd64Data,PR Command64 Data,PATH#64  Data,0x073A,32,PR/IO,12/06: Group update 9 to 10.,,,6,¤,,,,,,,,,,,,,,,,,,,
527,P7.030,0,,UDINT,0x0000,,,,,,,⌂,10,0x00000000,0xFFFFFFFF,0x00000000,,,PRCmd65Setting,PR Command65 Setting,PATH#65  Definition,0x073C,32,PR/IO,12/06: Group update 9 to 10.,,,6,¤,,,,,,,,,,,,,,,,,,,
528,P7.031,0,,DINT,0x0000,,,,,,,,10,-2147483648,2147483647,0,,,PRCmd65Data,PR Command65 Data,PATH#65  Data,0x073E,32,PR/IO,12/06: Group update 9 to 10.,,,6,¤,,,,,,,,,,,,,,,,,,,
529,P7.032,0,,UDINT,0x0000,,,,,,,⌂,10,0x00000000,0xFFFFFFFF,0x00000000,,,PRCmd66Setting,PR Command66 Setting,PATH#66  Definition,0x0740,32,PR/IO,12/06: Group update 9 to 10.,,,6,¤,,,,,,,,,,,,,,,,,,,
530,P7.033,0,,DINT,0x0000,,,,,,,,10,-2147483648,2147483647,0,,,PRCmd66Data,PR Command66 Data,PATH#66  Data,0x0742,32,PR/IO,12/06: Group update 9 to 10.,,,6,¤,,,,,,,,,,,,,,,,,,,
531,P7.034,0,,UDINT,0x0000,,,,,,,⌂,10,0x00000000,0xFFFFFFFF,0x00000000,,,PRCmd67Setting,PR Command67 Setting,PATH#67  Definition,0x0744,32,PR/IO,12/06: Group update 9 to 10.,,,6,¤,,,,,,,,,,,,,,,,,,,
532,P7.035,0,,DINT,0x0000,,,,,,,,10,-2147483648,2147483647,0,,,PRCmd67Data,PR Command67 Data,PATH#67  Data,0x0746,32,PR/IO,12/06: Group update 9 to 10.,,,6,¤,,,,,,,,,,,,,,,,,,,
533,P7.036,0,,UDINT,0x0000,,,,,,,⌂,10,0x00000000,0xFFFFFFFF,0x00000000,,,PRCmd68Setting,PR Command68 Setting,PATH#68  Definition,0x0748,32,PR/IO,12/06: Group update 9 to 10.,,,6,¤,,,,,,,,,,,,,,,,,,,
534,P7.037,0,,DINT,0x0000,,,,,,,,10,-2147483648,2147483647,0,,,PRCmd68Data,PR Command68 Data,PATH#68  Data,0x074A,32,PR/IO,12/06: Group update 9 to 10.,,,6,¤,,,,,,,,,,,,,,,,,,,
535,P7.038,0,,UDINT,0x0000,,,,,,,⌂,10,0x00000000,0xFFFFFFFF,0x00000000,,,PRCmd69Setting,PR Command69 Setting,PATH#69  Definition,0x074C,32,PR/IO,12/06: Group update 9 to 10.,,,6,¤,,,,,,,,,,,,,,,,,,,
536,P7.039,0,,DINT,0x0000,,,,,,,,10,-2147483648,2147483647,0,,,PRCmd69Data,PR Command69 Data,PATH#69  Data,0x074E,32,PR/IO,12/06: Group update 9 to 10.,,,6,¤,,,,,,,,,,,,,,,,,,,
537,P7.040,0,,UDINT,0x0000,,,,,,,⌂,10,0x00000000,0xFFFFFFFF,0x00000000,,,PRCmd70Setting,PR Command70 Setting,PATH#70  Definition,0x0750,32,PR/IO,12/06: Group update 9 to 10.,,,7,¤,,,,,,,,,,,,,,,,,,,
538,P7.041,0,,DINT,0x0000,,,,,,,,10,-2147483648,2147483647,0,,,PRCmd70Data,PR Command70 Data,PATH#70  Data,0x0752,32,PR/IO,12/06: Group update 9 to 10.,,,7,¤,,,,,,,,,,,,,,,,,,,
539,P7.042,0,,UDINT,0x0000,,,,,,,⌂,10,0x00000000,0xFFFFFFFF,0x00000000,,,PRCmd71Setting,PR Command71 Setting,PATH#71  Definition,0x0754,32,PR/IO,12/06: Group update 9 to 10.,,,7,¤,,,,,,,,,,,,,,,,,,,
540,P7.043,0,,DINT,0x0000,,,,,,,,10,-2147483648,2147483647,0,,,PRCmd71Data,PR Command71 Data,PATH#71  Data,0x0756,32,PR/IO,12/06: Group update 9 to 10.,,,7,¤,,,,,,,,,,,,,,,,,,,
541,P7.044,0,,UDINT,0x0000,,,,,,,⌂,10,0x00000000,0xFFFFFFFF,0x00000000,,,PRCmd72Setting,PR Command72 Setting,PATH#72  Definition,0x0758,32,PR/IO,12/06: Group update 9 to 10.,,,7,¤,,,,,,,,,,,,,,,,,,,
542,P7.045,0,,DINT,0x0000,,,,,,,,10,-2147483648,2147483647,0,,,PRCmd72Data,PR Command72 Data,PATH#72  Data,0x075A,32,PR/IO,12/06: Group update 9 to 10.,,,7,¤,,,,,,,,,,,,,,,,,,,
543,P7.046,0,,UDINT,0x0000,,,,,,,⌂,10,0x00000000,0xFFFFFFFF,0x00000000,,,PRCmd73Setting,PR Command73 Setting,PATH#73  Definition,0x075C,32,PR/IO,12/06: Group update 9 to 10.,,,7,¤,,,,,,,,,,,,,,,,,,,
544,P7.047,0,,DINT,0x0000,,,,,,,,10,-2147483648,2147483647,0,,,PRCmd73Data,PR Command73 Data,PATH#73  Data,0x075E,32,PR/IO,12/06: Group update 9 to 10.,,,7,¤,,,,,,,,,,,,,,,,,,,
545,P7.048,0,,UDINT,0x0000,,,,,,,⌂,10,0x00000000,0xFFFFFFFF,0x00000000,,,PRCmd74Setting,PR Command74 Setting,PATH#74  Definition,0x0760,32,PR/IO,12/06: Group update 9 to 10.,,,7,¤,,,,,,,,,,,,,,,,,,,
546,P7.049,0,,DINT,0x0000,,,,,,,,10,-2147483648,2147483647,0,,,PRCmd74Data,PR Command74 Data,PATH#74  Data,0x0762,32,PR/IO,12/06: Group update 9 to 10.,,,7,¤,,,,,,,,,,,,,,,,,,,
547,P7.050,0,,UDINT,0x0000,,,,,,,⌂,10,0x00000000,0xFFFFFFFF,0x00000000,,,PRCmd75Setting,PR Command75 Setting,PATH#75  Definition,0x0764,32,PR/IO,12/06: Group update 9 to 10.,,,7,¤,,,,,,,,,,,,,,,,,,,
548,P7.051,0,,DINT,0x0000,,,,,,,,10,-2147483648,2147483647,0,,,PRCmd75Data,PR Command75 Data,PATH#75  Data,0x0766,32,PR/IO,12/06: Group update 9 to 10.,,,7,¤,,,,,,,,,,,,,,,,,,,
549,P7.052,0,,UDINT,0x0000,,,,,,,⌂,10,0x00000000,0xFFFFFFFF,0x00000000,,,PRCmd76Setting,PR Command76 Setting,PATH#76  Definition,0x0768,32,PR/IO,12/06: Group update 9 to 10.,,,7,¤,,,,,,,,,,,,,,,,,,,
550,P7.053,0,,DINT,0x0000,,,,,,,,10,-2147483648,2147483647,0,,,PRCmd76Data,PR Command76 Data,PATH#76  Data,0x076A,32,PR/IO,12/06: Group update 9 to 10.,,,7,¤,,,,,,,,,,,,,,,,,,,
551,P7.054,0,,UDINT,0x0000,,,,,,,⌂,10,0x00000000,0xFFFFFFFF,0x00000000,,,PRCmd77Setting,PR Command77 Setting,PATH#77  Definition,0x076C,32,PR/IO,12/06: Group update 9 to 10.,,,7,¤,,,,,,,,,,,,,,,,,,,
552,P7.055,0,,DINT,0x0000,,,,,,,,10,-2147483648,2147483647,0,,,PRCmd77Data,PR Command77 Data,PATH#77  Data,0x076E,32,PR/IO,12/06: Group update 9 to 10.,,,7,¤,,,,,,,,,,,,,,,,,,,
553,P7.056,0,,UDINT,0x0000,,,,,,,⌂,10,0x00000000,0xFFFFFFFF,0x00000000,,,PRCmd78Setting,PR Command78 Setting,PATH#78  Definition,0x0770,32,PR/IO,12/06: Group update 9 to 10.,,,7,¤,,,,,,,,,,,,,,,,,,,
554,P7.057,0,,DINT,0x0000,,,,,,,,10,-2147483648,2147483647,0,,,PRCmd78Data,PR Command78 Data,PATH#78  Data,0x0772,32,PR/IO,12/06: Group update 9 to 10.,,,7,¤,,,,,,,,,,,,,,,,,,,
555,P7.058,0,,UDINT,0x0000,,,,,,,⌂,10,0x00000000,0xFFFFFFFF,0x00000000,,,PRCmd79Setting,PR Command79 Setting,PATH#79  Definition,0x0774,32,PR/IO,12/06: Group update 9 to 10.,,,7,¤,,,,,,,,,,,,,,,,,,,
556,P7.059,0,,DINT,0x0000,,,,,,,,10,-2147483648,2147483647,0,,,PRCmd79Data,PR Command79 Data,PATH#79  Data,0x0776,32,PR/IO,12/06: Group update 9 to 10.,,,7,¤,,,,,,,,,,,,,,,,,,,
557,P7.060,0,,UDINT,0x0000,,,,,,,⌂,10,0x00000000,0xFFFFFFFF,0x00000000,,,PRCmd80Setting,PR Command80 Setting,PATH#80  Definition,0x0778,32,PR/IO,12/06: Group update 9 to 10.,,,7,¤,,,,,,,,,,,,,,,,,,,
558,P7.061,0,,DINT,0x0000,,,,,,,,10,-2147483648,2147483647,0,,,PRCmd80Data,PR Command80 Data,PATH#80  Data,0x077A,32,PR/IO,12/06: Group update 9 to 10.,,,7,¤,,,,,,,,,,,,,,,,,,,
559,P7.062,0,,UDINT,0x0000,,,,,,,⌂,10,0x00000000,0xFFFFFFFF,0x00000000,,,PRCmd81Setting,PR Command81 Setting,PATH#81  Definition,0x077C,32,PR/IO,12/06: Group update 9 to 10.,,,7,¤,,,,,,,,,,,,,,,,,,,
560,P7.063,0,,DINT,0x0000,,,,,,,,10,-2147483648,2147483647,0,,,PRCmd81Data,PR Command81 Data,PATH#81  Data,0x077E,32,PR/IO,12/06: Group update 9 to 10.,,,7,¤,,,,,,,,,,,,,,,,,,,
561,P7.064,0,,UDINT,0x0000,,,,,,,⌂,10,0x00000000,0xFFFFFFFF,0x00000000,,,PRCmd82Setting,PR Command82 Setting,PATH#82  Definition,0x0780,32,PR/IO,12/06: Group update 9 to 10.,,,7,¤,,,,,,,,,,,,,,,,,,,
562,P7.065,0,,DINT,0x0000,,,,,,,,10,-2147483648,2147483647,0,,,PRCmd82Data,PR Command82 Data,PATH#82  Data,0x0782,32,PR/IO,12/06: Group update 9 to 10.,,,7,¤,,,,,,,,,,,,,,,,,,,
563,P7.066,0,,UDINT,0x0000,,,,,,,⌂,10,0x00000000,0xFFFFFFFF,0x00000000,,,PRCmd83Setting,PR Command83 Setting,PATH#83  Definition,0x0784,32,PR/IO,12/06: Group update 9 to 10.,,,7,¤,,,,,,,,,,,,,,,,,,,
564,P7.067,0,,DINT,0x0000,,,,,,,,10,-2147483648,2147483647,0,,,PRCmd83Data,PR Command83 Data,PATH#83  Data,0x0786,32,PR/IO,12/06: Group update 9 to 10.,,,7,¤,,,,,,,,,,,,,,,,,,,
565,P7.068,0,,UDINT,0x0000,,,,,,,⌂,10,0x00000000,0xFFFFFFFF,0x00000000,,,PRCmd84Setting,PR Command84 Setting,PATH#84  Definition,0x0788,32,PR/IO,12/06: Group update 9 to 10.,,,7,¤,,,,,,,,,,,,,,,,,,,
566,P7.069,0,,DINT,0x0000,,,,,,,,10,-2147483648,2147483647,0,,,PRCmd84Data,PR Command84 Data,PATH#84  Data,0x078A,32,PR/IO,12/06: Group update 9 to 10.,,,7,¤,,,,,,,,,,,,,,,,,,,
567,P7.070,0,,UDINT,0x0000,,,,,,,⌂,10,0x00000000,0xFFFFFFFF,0x00000000,,,PRCmd85Setting,PR Command85 Setting,PATH#85  Definition,0x078C,32,PR/IO,12/06: Group update 9 to 10.,,,7,¤,,,,,,,,,,,,,,,,,,,
568,P7.071,0,,DINT,0x0000,,,,,,,,10,-2147483648,2147483647,0,,,PRCmd85Data,PR Command85 Data,PATH#85  Data,0x078E,32,PR/IO,12/06: Group update 9 to 10.,,,7,¤,,,,,,,,,,,,,,,,,,,
569,P7.072,0,,UDINT,0x0000,,,,,,,⌂,10,0x00000000,0xFFFFFFFF,0x00000000,,,PRCmd86Setting,PR Command86 Setting,PATH#86  Definition,0x0790,32,PR/IO,12/06: Group update 9 to 10.,,,7,¤,,,,,,,,,,,,,,,,,,,
570,P7.073,0,,DINT,0x0000,,,,,,,,10,-2147483648,2147483647,0,,,PRCmd86Data,PR Command86 Data,PATH#86  Data,0x0792,32,PR/IO,12/06: Group update 9 to 10.,,,7,¤,,,,,,,,,,,,,,,,,,,
571,P7.074,0,,UDINT,0x0000,,,,,,,⌂,10,0x00000000,0xFFFFFFFF,0x00000000,,,PRCmd87Setting,PR Command87 Setting,PATH#87  Definition,0x0794,32,PR/IO,12/06: Group update 9 to 10.,,,7,¤,,,,,,,,,,,,,,,,,,,
572,P7.075,0,,DINT,0x0000,,,,,,,,10,-2147483648,2147483647,0,,,PRCmd87Data,PR Command87 Data,PATH#87  Data,0x0796,32,PR/IO,12/06: Group update 9 to 10.,,,7,¤,,,,,,,,,,,,,,,,,,,
573,P7.076,0,,UDINT,0x0000,,,,,,,⌂,10,0x00000000,0xFFFFFFFF,0x00000000,,,PRCmd88Setting,PR Command88 Setting,PATH#88  Definition,0x0798,32,PR/IO,12/06: Group update 9 to 10.,,,7,¤,,,,,,,,,,,,,,,,,,,
574,P7.077,0,,DINT,0x0000,,,,,,,,10,-2147483648,2147483647,0,,,PRCmd88Data,PR Command88 Data,PATH#88  Data,0x079A,32,PR/IO,12/06: Group update 9 to 10.,,,7,¤,,,,,,,,,,,,,,,,,,,
575,P7.078,0,,UDINT,0x0000,,,,,,,⌂,10,0x00000000,0xFFFFFFFF,0x00000000,,,PRCmd89Setting,PR Command89 Setting,PATH#89  Definition,0x079C,32,PR/IO,12/06: Group update 9 to 10.,,,7,¤,,,,,,,,,,,,,,,,,,,
576,P7.079,0,,DINT,0x0000,,,,,,,,10,-2147483648,2147483647,0,,,PRCmd89Data,PR Command89 Data,PATH#89  Data,0x079E,32,PR/IO,12/06: Group update 9 to 10.,,,7,¤,,,,,,,,,,,,,,,,,,,
577,P7.080,0,,UDINT,0x0000,,,,,,,⌂,10,0x00000000,0xFFFFFFFF,0x00000000,,,PRCmd90Setting,PR Command90 Setting,PATH#90  Definition,0x07A0,32,PR/IO,12/06: Group update 9 to 10.,,,7,¤,,,,,,,,,,,,,,,,,,,
578,P7.081,0,,DINT,0x0000,,,,,,,,10,-2147483648,2147483647,0,,,PRCmd90Data,PR Command90 Data,PATH#90  Data,0x07A2,32,PR/IO,12/06: Group update 9 to 10.,,,7,¤,,,,,,,,,,,,,,,,,,,
579,P7.082,0,,UDINT,0x0000,,,,,,,⌂,10,0x00000000,0xFFFFFFFF,0x00000000,,,PRCmd91Setting,PR Command91 Setting,PATH#91  Definition,0x07A4,32,PR/IO,12/06: Group update 9 to 10.,,,7,¤,,,,,,,,,,,,,,,,,,,
580,P7.083,0,,DINT,0x0000,,,,,,,,10,-2147483648,2147483647,0,,,PRCmd91Data,PR Command91 Data,PATH#91  Data,0x07A6,32,PR/IO,12/06: Group update 9 to 10.,,,7,¤,,,,,,,,,,,,,,,,,,,
581,P7.084,0,,UDINT,0x0000,,,,,,,⌂,10,0x00000000,0xFFFFFFFF,0x00000000,,,PRCmd92Setting,PR Command92 Setting,PATH#92  Definition,0x07A8,32,PR/IO,12/06: Group update 9 to 10.,,,7,¤,,,,,,,,,,,,,,,,,,,
582,P7.085,0,,DINT,0x0000,,,,,,,,10,-2147483648,2147483647,0,,,PRCmd92Data,PR Command92 Data,PATH#92  Data,0x07AA,32,PR/IO,12/06: Group update 9 to 10.,,,7,¤,,,,,,,,,,,,,,,,,,,
583,P7.086,0,,UDINT,0x0000,,,,,,,⌂,10,0x00000000,0xFFFFFFFF,0x00000000,,,PRCmd93Setting,PR Command93 Setting,PATH#93  Definition,0x07AC,32,PR/IO,12/06: Group update 9 to 10.,,,7,¤,,,,,,,,,,,,,,,,,,,
584,P7.087,0,,DINT,0x0000,,,,,,,,10,-2147483648,2147483647,0,,,PRCmd93Data,PR Command93 Data,PATH#93  Data,0x07AE,32,PR/IO,12/06: Group update 9 to 10.,,,7,¤,,,,,,,,,,,,,,,,,,,
585,P7.088,0,,UDINT,0x0000,,,,,,,⌂,10,0x00000000,0xFFFFFFFF,0x00000000,,,PRCmd94Setting,PR Command94 Setting,PATH#94  Definition,0x07B0,32,PR/IO,12/06: Group update 9 to 10.,,,7,¤,,,,,,,,,,,,,,,,,,,
586,P7.089,0,,DINT,0x0000,,,,,,,,10,-2147483648,2147483647,0,,,PRCmd94Data,PR Command94 Data,PATH#94  Data,0x07B2,32,PR/IO,12/06: Group update 9 to 10.,,,7,¤,,,,,,,,,,,,,,,,,,,
587,P7.090,0,,UDINT,0x0000,,,,,,,⌂,10,0x00000000,0xFFFFFFFF,0x00000000,,,PRCmd95Setting,PR Command95 Setting,PATH#95  Definition,0x07B4,32,PR/IO,12/06: Group update 9 to 10.,,,7,¤,,,,,,,,,,,,,,,,,,,
588,P7.091,0,,DINT,0x0000,,,,,,,,10,-2147483648,2147483647,0,,,PRCmd95Data,PR Command95 Data,PATH#95  Data,0x07B6,32,PR/IO,12/06: Group update 9 to 10.,,,7,¤,,,,,,,,,,,,,,,,,,,
589,P7.092,0,,UDINT,0x0000,,,,,,,⌂,10,0x00000000,0xFFFFFFFF,0x00000000,,,PRCmd96Setting,PR Command96 Setting,PATH#96  Definition,0x07B8,32,PR/IO,12/06: Group update 9 to 10.,,,7,¤,,,,,,,,,,,,,,,,,,,
590,P7.093,0,,DINT,0x0000,,,,,,,,10,-2147483648,2147483647,0,,,PRCmd96Data,PR Command96 Data,PATH#96  Data,0x07BA,32,PR/IO,12/06: Group update 9 to 10.,,,7,¤,,,,,,,,,,,,,,,,,,,
591,P7.094,0,,UDINT,0x0000,,,,,,,⌂,10,0x00000000,0xFFFFFFFF,0x00000000,,,PRCmd97Setting,PR Command97 Setting,PATH#97  Definition,0x07BC,32,PR/IO,12/06: Group update 9 to 10.,,,7,¤,,,,,,,,,,,,,,,,,,,
592,P7.095,0,,DINT,0x0000,,,,,,,,10,-2147483648,2147483647,0,,,PRCmd97Data,PR Command97 Data,PATH#97  Data,0x07BE,32,PR/IO,12/06: Group update 9 to 10.,,,7,¤,,,,,,,,,,,,,,,,,,,
593,P7.096,0,,UDINT,0x0000,,,,,,,⌂,10,0x00000000,0xFFFFFFFF,0x00000000,,,PRCmd98Setting,PR Command98 Setting,PATH#98  Definition,0x07C0,32,PR/IO,12/06: Group update 9 to 10.,,,7,¤,,,,,,,,,,,,,,,,,,,
594,P7.097,0,,DINT,0x0000,,,,,,,,10,-2147483648,2147483647,0,,,PRCmd98Data,PR Command98 Data,PATH#98  Data,0x07C2,32,PR/IO,12/06: Group update 9 to 10.,,,7,¤,,,,,,,,,,,,,,,,,,,
595,P7.098,0,,UDINT,0x0000,,,,,,,⌂,10,0x00000000,0xFFFFFFFF,0x00000000,,,PRCmd99Setting,PR Command99 Setting,PATH#99  Definition,0x07C4,32,PR/IO,12/06: Group update 9 to 10.,,,7,¤,,,,,,,,,,,,,,,,,,,
596,P7.099,0,,DINT,0x0000,,,,,,,,10,-2147483648,2147483647,0,,,PRCmd99Data,PR Command99 Data,PATH#99  Data,0x07C6,32,PR/IO,12/06: Group update 9 to 10.,,,7,¤,,,,,,,,,,,,,,,,,,,
597,PM.001,0,,INT,0x0000,,▲,,■,,,,3,0,8,0,,,MotorAutoIdentify,Motor Automatic Identification,Automatic identification of motor parameter,0xFD02,16,All,"Set 0/2 success, but 1 fail…
12/18：此參數的設定有條件，需搭配特定Motor Selection選項
12/18：Delta提供設定條件於Note處
-------------------------------
2018.01.07
設定需有特定條件，否則無法寫入
PM-01=1 設定條件：PN-00=2(Nameplate Datasheet)
PM-01=2 設定條件：PN-09=2(Manual Input)
寫入後servo on 即進入識別功能
2019.04.24. Delta added ""Volatile parameter""",,,8,¤,,,,√,,,,,,,,,,,,,,,
598,PM.002,0,,INT,0x0010,★,▲,,,,,,3,0,1,0,,,MotorParameterConfirmation,Motor Parameter Confirmation,Confirmation of motor parameter,0xFD04,16,All,"12/19: Delta modified property (★ and ●)
Can't be set, Change to ReadOnly??
12/18：Delta已改為ReadOnly
12/31: descriptor changed to 0x0010
2019.04.24. Delta removed ""Valid after re-power on""
2019.05.23. Default changed from 0 to 1. Default is nv with TLP motor, this parameter is used for nameplate motor.",,,,,,,,,,,,,,,,,,,,,,,
599,PM.003,0,,UINT,0x0000,,▲,●,,,,,1,0x0000,0x0010,0x0010,,,EncoderType,Encoder Type,Encoder type,0xFD06,16,All,"Should refuse 0x0001 to 0x000F
12/18：Delta進行FW修改
2019.01.07. Fixed
2018.01.10. with TLP motor is 0x0000. with power board is 0x0010.",,,8,¤,,,,√,,,,,,,,,,,,,,,
600,PM.004,0,,DINT,0x0000,,▲,●,,,,,1,128,268435456,16777216,,Counts/Rev,EncoderResolution,Encoder Resolution,Encoder resolution,0xFD08,32,All,"PM-006 Rotary motor
2019.01.07: Shold be  PM-004
PN-003 Linear Motor nm/Count(L)
Default value: Set to TLP motor encoder resolution??
12/18：Delta先內部確認修改是否有疑慮，若有疑慮再提出與RA討論；若無一濾則依照RA需求進行修改
2019.01.07. Delta update default from 2500 to 16777216.",,,8,¤,,,,√,,,,,,,,,,,,,,,
601,PM.006,0,,UINT,0x0000,,▲,●,,,,⌂,1,0x0000,0x0111,0x0000,,,PhaseSequence,Phase Sequence,UVW phase sequence and Hall sensor,0xFD0C,16,All,"12/06: add property(⌂)
12/18：Delta內部確認格式
2019.01.07. Delta：目前已为Hex",,,8,¤,,,,√,,,,,,,,,,,,,,,
602,PM.007,0,,INT,0x0000,,▲,●,,,,,1,0,3600,0,0.1,Degrees,CommutationOffset,Commutation Offset,Offset angle of Hall sensor,0xFD0E,16,All,"mapped to ""Commutation Offset"" in Encoder Memory Map
2019.01.16.Setable condiction? Can't set when PN009=2
2019.02.19 Offset寫入保護功能：當Motor Selection為Catalog Number(PN-00=1)且Commutataion Alignment為Drive Offset(PN-09=2)情況下，程式會參考馬達內部資料預設的電氣角偏移量，若設定值相差太多則會禁止寫入",,,8,¤,,,,√,,,,,,,,,,,,,,,
603,PM.008,0,,INT,0x0000,,▲,●,,,,,1,0,3600,0,0.1,Degrees,HallHystersisWidth,Hall Hysteresis Width,Hysteresis width of Hall sensor moving back and forth,0xFD10,16,All,,,,8,¤,,,,√,,,,,,,,,,,,,,,
604,PM.009,0,,UINT,0x0000,,▲,,,,,,1,0x0000,0x0010,0x0010,,,ElectricalAngleCorrection,Electrical Angle Correction,Correction of electrical angle when reached Z axis,0xFD12,16,All,"12/18：Delta內部確認格式
2019.01.07. Delta：目前已为Hex
2019.01.07. Default 0x0010 differ to A3 manual
2019.02.19 Delta check(健宏確認是否與接馬達有關)
2019.02.25 此參數在未接馬達下數值為0x0010
2019.02.27.RA确认v4101_9072下未连马达也为0x0000.该版本下此问题已解决。",,,1,¤,,,,,,,,,,,,,,,,,,,
605,PM.015,0,,DINT,0x0000,,,,,,,,5,0,"1023000
16383000",0,0.001,,CurrentLoopProportionalGain,Current Loop Proportional Gain,Proportional gain of current loop,0xFD1E,32,All,"Reserved in Delta's new PM parameters, 但K800适用，这个参数还是需要的
2019.01.10. default is 26351
2019.04.19. default is 0 already.","2019.05.16. Set PN.000=2,its value is 21928(with motor) or 62(without motor).",,1,¤,,,,,,,,,,,,,,,,,,,
606,PM.016,0,,INT,0x0000,,,,,,,,5,0,32767,0,,,CurrentLoopIntegralGain,Current Loop Integral Gain,Integral gain of current loop,0xFD20,16,All,"Reserved in Delta's new PM parameters, 但K800适用，这个参数还是需要的
2019.01.10. default is 469 with motor.
2019.04.19. default is 0 already.","2019.05.16. Set PN.000=2,its value is 469(with motor).",,1,¤,,,,,,,,,,,,,,,,,,,
607,PM.019,0,,INT,0x0000,,▲,,,,,,5,0,600,100,,%,OverloadRisingGain,Overload Rising Gain,Overload gain (temperature rises),0xFD26,16,All,,,,1,¤,,,,,,,,,,,,,,,,,,,
608,PM.020,0,,INT,0x0000,,▲,,,,,,5,15,600,100,,%,OverloadFallingGain,Overload Falling Gain,Overload gain (temperature falls),0xFD28,16,All,,,,1,¤,,,,,,,,,,,,,,,,,,,
609,PM.022,0,,INT,0x0010,★,▲,●,,,,,1,0,3,0,,,MotorTempSensor,Motor Temperature Sensor Type,Motor temperature sensor,0xFD2C,16,All,"Reserved, but keep it here.",,,,,,,,√,,,,,,,,,,,,,,,
610,PM.024,0,,DINT,0x0010,★,▲,,,,,,1,0,50000,50000,,Ohms,MotorTempSensorResistance,Motor Temperature Sensor Resistance,Motor temperature sensor resistance,0xFD30,,All,"12/18：Delta內部確認格式
2019.01.07.Delta changed to readonly (External Temperature Sensor, not used in RA)
2019.01.07. No motor, 400W, default 10, still writeable
2019.01.30. max changed from 50000 to 500.
2019.05.02. Reserved, but keep it here. Change default from 10 to 0.
Reserved, but keep it here.",,,,,,,,,,,,,,,,,,,,,,,
611,PM.030,0,,UINT,0x0000,,▲,●,,,,,1,0,65535,650,0.01,Amps (RMS),MotorRatedPeakCurrent,Motor Rated Peak Current,Max. current of PM motor,0xFD3C,16,All,"Combined with PM047, PM070. Need to confirm min/max value.
Real range 1 to  65535
0 will fail.
Default value needs update
12/18：Delta內部討論預設值部分(PM-29也是)，再發信回覆
12/18：此參數最小值限制與PM-29相同
2019.01.07. No motor, no power board 400W, default 270. No motors with power board 400W, ??
Min same with 4/PM.029
2019.01.07. No motor, no power board 400W, default 270. No motors with power board 400W, 780. with TLP motor is 950.
2019.04.19. Default changed from 0 to 650.
Min should no less than Imax /8, varies by catalog:
Catalog / RatedContCurrent / RatedPeakCurrent / Min
2198-E1004-ERS / 2.60  /  6.50    /  33
2198-E1007-ERS / 5.10  /  15.41  /  64
2198-E1015-ERS / 7.90  /   23.7   /  99
2198-E1020-ERS / 13.40 /  53.03  / 168
2198-E1030-ERS / 17.90 /  55.95  /  224
2198-E2055-ERS / 41.30 /  91.40  /  517
2198-E2075-ERS / 49.00 /  127.49 / 613
2198-E2150-ERS / 78.00 /  162.00 / 975",,,8,¤,,,,√,,,,,,,,,,,,,,,
612,PM.035,0,,DINT,0x0000,,▲,,,,,,1,0,65535,0,0.001,Ohms,PMMotorResistance,Permanent Magnet Motor Resistance,PM motor phase resistance,0xFD46,16,All,"Combined with PM050, PM074
Why not use UINT?
12/18：維持Delta現有格式",,,1,¤,,,,,,,,,,,,,,,,,,,
613,PM.036,0,,DINT,0x0000,,▲,,,,,,1,0,65535,0,1e-05,H,PMMotorInductance,Permanent Magnet Motor Inductance,PM motor phase inductance,0xFD48,16,All,"Combined with PM051
Why not use UINT?
12/18：維持Delta現有格式",,,1,¤,,,,,,,,,,,,,,,,,,,
614,PM.038,0,,INT,0x0000,,▲,,,,,,1,0,22876,0,0.1,Volts (RMS)/KRPM,PMMotorVoltageConstant,Permenent Magnet Motor Bemf Voltage Constant,PM motor back EMF constant,0xFD4C,16,All,Combined with PM053,,,1,¤,,,,,,,,,,,,,,,,,,,
615,PM.045,0,,DINT,0x0010,,▲,●,,,,,1,1000,500000,30000,0.001,mm,LinearMotorPolePitch,Linear Motor Pole Pitch,Linear motor pole pitch,0xFD5A,16,All,"Change name to Pole Pitch
2019.04.24. Delta added ""set when servo off""","2019.04.25. For Linear motor, temporary ""Read-only""",,,,,,,,,,,,,,,,,,,,,,
616,PM.049,0,,DINT,0x0010,,▲,,,,,,1,0,177362,0,0.01,N/Amps (RMS),PMMotorForceConstant,Permanent Magnet Motor Force Constant,Linear motor torque constant,0xFD62,32,All,Change name to Force Constant,,,,,,,,,,,,,,,,,,,,,,,
617,PM.066,0,,INT,0x0010,,▲,,,,,,1,0,10000,500,0.1,Hz,InductionMotorRatedFrequency,Induction Motor Rated Frequency,IM rated Electrical Frequency,0xFD84,16,All,Change name to Induction Motor Rated Frequency,,,,,,,,,,,,,,,,,,,,,,,
618,PM.075,0,,INT,0x0010,,▲,,,,,,1,0,15999,0,0.001,Ohms,InductionMotorRotorResistance,Induction Motor Rotor Resistance,IM motor rotor resistance(Rr),0xFD96,16,All,,,,,,,,,,,,,,,,,,,,,,,,
619,PM.076,0,,INT,0x0010,,▲,,,,,,1,0,24999,10,1e-05,H,InductionMotorLeakageInductance,Induction Motor Leakage Inductance,IM motor leakage inductance(Li),0xFD98,16,All,,,,,,,,,,,,,,,,,,,,,,,,
620,PM.077,0,,DINT,0x0010,,▲,,,,,,1,0,199900,10,1e-05,H,InductionMotorMutualInductance,Induction Motor Mutual Inductance,IM馬達互感Lm (Lm),0xFD9A,16,All,,,,,,,,,,,,,,,,,,,,,,,,
621,PM.078,0,,INT,0x0010,,▲,,,,,,1,0,32767,10,0.01,Amps (RMS),InductionMotorFluxCurrent,Induction Motor Flux Current,IM No-load current,0xFD9C,16,All,,,,,,,,,,,,,,,,,,,,,,,,
622,PM.079,0,,INT,0x0010,,,,,,,,5,0,32767,0,,,InductionMotorFluxProportionalGain,Induction Motor Flux Proportional Gain,IM flux Proportional gain(Kp),0xFD9E,16,All,,,,,,,,,,,,,,,,,,,,,,,,
623,PM.080,0,,INT,0x0010,,,,,,,,5,0,5119,0,0.1,,InductionMotorFluxIntegralGain,Induction Motor Flux Integral Gain,IM flux Integral gain (ki),0xFDA0,16,All,,,,,,,,,,,,,,,,,,,,,,,,
624,PM.090,0,,INT,0x0010,★,,,,,,,3,0,0xFFFF,0,,,Reserved623,Reserved623,過電流檢出準位1,0xFDB4,16,All,"In K800 Parameters NameUnit 20180110.xls: [0110]Delta：V/F Control. Change to Reserved?
2020.09.17 RA removed function",,,,,,,,,,,,,,,,,,,,,,,
625,PM.091,0,,INT,0x0010,★,,,,,,,3,0,0xFFFF,0,,,Reserved624,Reserved624,過電流檢出時間1,0xFDB6,16,All,"In K800 Parameters NameUnit 20180110.xls: [0110]Delta：V/F Control. Change to Reserved?
2020.09.17 RA removed function",,,,,,,,,,,,,,,,,,,,,,,
626,PM.092,0,,INT,0x0010,★,,,,,,,3,0,0xFFFF,0,,,Reserved625,Reserved625,過電流檢出準位2,0xFDB8,16,All,"In K800 Parameters NameUnit 20180110.xls: [0110]Delta：V/F Control. Change to Reserved?
2020.09.17 RA removed function",,,,,,,,,,,,,,,,,,,,,,,
627,PM.093,0,,INT,0x0010,★,,,,,,,3,0,0xFFFF,0,,,Reserved626,Reserved626,過電流檢出時間2,0xFDBA,16,All,"In K800 Parameters NameUnit 20180110.xls: [0110]Delta：V/F Control. Change to Reserved?
2020.09.17 RA removed function",,,,,,,,,,,,,,,,,,,,,,,
628,PN.000,0,,UINT,0x0000,,▲,●,,,,,1,0,2,0,,,MotorDataSource,Motor Data Source,Standard Motor Flag,0xFC00,16,All,"0:Motor NV; 1:Catalog Number; 2:Nameplate Datasheet;
12/18: Delta add property(▲)",,,8,¤,,,,√,,,,,,,,,,,,,,,
629,PN.001,0,,INT,0x0000,,▲,,,,,,1,0,200,100,,% Motor Rated,MotorOverloadLimit,Motor Overload Limit,Maximum Continuous Torque Limit,0xFC02,16,All,"got from encoder memory map, change name to Motor Overload Limit
PM: 1~100; IM: 1~200; Set 0 to disable.
Normal overload: 1~100; 3rd overload: 1~200(PN.007 or PN.008 is 0 => 3rd overload)
",,,1,¤,,,,,,,,,,,,,,,,,,,
630,PN.002,0,,DINT,0x0010,,▲,,,,,,1,0,500000,0,0.001,kg,LinearMotorMass,Linear Motor Mass,Motor Mass,0xFC04,32,All,"2019.04.24. Delta added ""Set when servo off""",,,,,,,,,,,,,,,,,,,,,,,
631,PN.003,0,,DINT,0x0010,,▲,●,,,,,1,18,62500000,1000,,Lines/Meter,LinearEncoderResolution,Encoder Lines / Meter,Encoder Lines / Meter,0xFC06,32,All,"PM-006 Rotary motor
2019.01.07: Shold be  PM-004
PN-003 Linear Motor
2019.04.24. Delta added ""Set when servo off""
2021.05.21 Range Limit: 18 ~ 50000 for AqB encoder; 25000 ~ 62500000 for sin/cos encoder",,,,,,,,,,,,,,,,,,,,,,,
632,PN.004,0,,INT,0x0000,,▲,●,,,,,1,0,1,0,,,MotorThermostat,Motor Thermostat,Motor Thermostat,0xFC08,16,All,"0 - Disable, 1 - Enable
2019.04.24. Delta update properties. But keep it for ODVA test, since the reply is not corret.",,,,,,,,,,,,,,,,,,,,,,,
633,PN.005,0,,UDINT,0x0000,,▲,,,,,,1,0,65535,0,0.001,oC/Watt,MotorWindingToEncoderResistance,Motor Winding To Encoder Resistance,"Motor Thermal Resistance, Winding to Encoder Rth (w-e)",0xFC0A,32,All,12/06: Delta add property(▲),,,1,¤,,,,,,,,,,,,,,,,,,,
634,PN.006,0,,UDINT,0x0000,,▲,,,,,,1,0,65535,0,,J/oC,MotorWindingToEncoderCapacitance,Motor Winding To Encoder Capacitance,"Motor Thermal Capacitance, Winding to Encoder Cth (w-e)",0xFC0C,32,All,12/06: Delta add property(▲),,,1,¤,,,,,,,,,,,,,,,,,,,
635,PN.007,0,,UDINT,0x0000,,▲,,,,,,1,0,65535,0,0.001,oC/Watt,MotorWindingToAmbientResistance,Motor Winding To Ambient Resistance,"Motor Thermal Resistance, Winding to Ambient",0xFC0E,32,All,12/06: Delta add property(▲),,,1,¤,,,,,,,,,,,,,,,,,,,
636,PN.008,0,,UDINT,0x0000,,▲,,,,,,1,0,65535,0,,J/oC,MotorWindingToAmbientCapacitance,Motor Winding To Ambient Capacitance,"Motor Thermal Capacitance, Winding to Ambient",0xFC10,32,All,12/06: Delta add property(▲),,,1,¤,,,,,,,,,,,,,,,,,,,
637,PN.009,0,,INT,0x0000,,▲,,,,,,1,0,2,0,,,CommutationAlignment,Commutation Alignment (Startup) ,Start-up Commutation,0xFC12,16,All,"0:Motor Offset; 1:Self-sense; 2: Manual Input; 3: Database Input;
12/06: Delta add property(▲)
2019.04.17: Delta changed max value from 3 to 2.
2019.11.27 Update Information, remove 3rd value and change 2nd value description",,,1,¤,,,,,,,,,,,,,,,,,,,
638,PN.014,0,,INT,0x0000,,▲,,,,,,1,1,10000,10000,0.01,%,FluxSaturation1_8thPeakCurrent,Flux Saturation 1/8 Peak Current,Flux Saturation Data 1/8 Peak Current,0xFC1C,16,All,"Used for the MP motor. 
2019.01.10. Default value is 10000 with no motor.  0 with TLP motor and out of range. Need updates for TLP BLOB fle.
2019/04/17: change min value to 1",,,1,¤,,,,,,,,,,,,,,,,,,,
639,PN.015,0,,INT,0x0000,,▲,,,,,,1,1,10000,10000,0.01,%,FluxSaturation1_4thPeakCurrent,Flux Saturation 1/4 Peak Current,Flux Saturation Data 1/4 Peak Current,0xFC1E,16,All,,,,1,¤,,,,,,,,,,,,,,,,,,,
640,PN.016,0,,INT,0x0000,,▲,,,,,,1,1,10000,10000,0.01,%,FluxSaturation3_8thPeakCurrent,Flux Saturation 3/8 Peak Current,Flux Saturation Data 3/8 Peak Current,0xFC20,16,All,,,,1,¤,,,,,,,,,,,,,,,,,,,
641,PN.017,0,,INT,0x0000,,▲,,,,,,1,1,10000,10000,0.01,%,FluxSaturation1_2ndPeakCurrent,Flux Saturation 1/2 Peak Current,Flux Saturation Data 1/2 Peak Current,0xFC22,16,All,,,,1,¤,,,,,,,,,,,,,,,,,,,
642,PN.018,0,,INT,0x0000,,▲,,,,,,1,1,10000,10000,0.01,%,FluxSaturation5_8thPeakCurrent,Flux Saturation 5/8 Peak Current,Flux Saturation Data 5/8 Peak Current,0xFC24,16,All,,,,1,¤,,,,,,,,,,,,,,,,,,,
643,PN.019,0,,INT,0x0000,,▲,,,,,,1,1,10000,10000,0.01,%,FluxSaturation3_4thPeakCurrent,Flux Saturation 3/4 Peak Current,Flux Saturation Data 3/4 Peak Current,0xFC26,16,All,,,,1,¤,,,,,,,,,,,,,,,,,,,
644,PN.020,0,,INT,0x0000,,▲,,,,,,1,1,10000,10000,0.01,%,FluxSaturation7_8thPeakCurrent,Flux Saturation 7/8 Peak Current,Flux Saturation Data 7/8 Peak Current,0xFC28,16,All,,,,1,¤,,,,,,,,,,,,,,,,,,,
645,PN.021,0,,INT,0x0000,,▲,,,,,,1,1,10000,10000,0.01,%,FluxSaturationPeakCurrent,Flux Saturation Peak Current, Flux Saturation Data Peak Current,0xFC2A,16,All,,,,1,¤,,,,,,,,,,,,,,,,,,,
646,PN.022,0,,UDINT,0x0010,★,,,■,,,,1,0,0xFFFFFFFF,0,,,MotorDateCode,Motor Date Code,Motor Manufacturing Date Code,0xFC2C,32,All,"From the highest byte, Month(8bit), Day(8bit), Year MSB(8bit), Year LSB(8bit), used for website",,,,,,,,,,,,,,,,,,,,,,,
647,PN.023,0,,UINT,0x0000,,▲,,,,,,1,0,65535,0,0.01,N-m,PMMotorRatedTorque,Permanent Magnet Motor Rated Torque,Continuous Torque,0xFC2E,16,All,"got from encoder memory map, need for motor selection",,,1,¤,,,,,,,,,,,,,,,,,,,
648,PN.024,0,,UDINT,0x0010,,▲,,,,,,1,0,6553500,0,0.01,N,PMMotorRatedForce,Permanent Magnet Motor Rated Force,Continuous Force,0xFC30,16,All,"got from encoder memory map, need for motor selection
2019.01.07: For Linear motor, Delta changed to Read-only.
2019.01.16. Already Read-only",,,,,,,,,,,,,,,,,,,,,,,
649,PN.025,0,,INT,0x0010,★,,,■,,,,1,0,10000,0,0.01,%,MaxContinuousTorqueLimit,Maximum Continuous Torque Limit,Maximum Continuous Torque Limit,0xFC32,16,All,,,,,,,,,,,,,,,,,,,,,,,,
650,PN.026,0,,UINT,0x0000,,▲,,,,,,7,0,0xC107,0x0007,,,EnableCommunicationPorts,Enable Communication Ports,Enable Communication Ports,0xFC34,16,All,"got from DFS checklist
01/02: NOT Config (disable/enable comm ports)
(1) write 0xC100 to Enable USB Port, 0xC000 to Disable USB Port.
(2) write 0x4100 to Enable EIP Port1, 0x4000 to Disable EIP Port1.
(3) write 0x8100 to Enable EIP Port2, 0x8000 to Disable EIP Port2.",,,,,,,,,,,,,,,,,,,,,,,
651,PN.027,6,20.01.24.01.30.65,UINT,0x0010,★,,,■,◊,,,2,0,0xFFFF,0,,,HardwareRevision,Hardware Revision,Hardware Revision,0xFC36,16,All,"High 8bit-Major version, Low 8bit-Minor version",,,,,,,,,,,,,,,,,,,,,,,
652,PN.028,0,,SHORT_STRING,0x0000,,▲,,,,,,2,,,,,,DriveName,Drive Name [0]-[31],"Drive Name, String[0]~[3]",0xFC38,32,All,"Previous 7-segment LED only shows the character '0'~'F', four bits of one parameter represent one character. In order to express more english character or even special symbols, eight bits of one parameter will represent one character. The drive stores the ascii code of this character. All parameters are 32bits, so one parameter only express four characters. How to access the Drive name? ('0x72697665)
1) 7-segment LED can only show the character of the Drive name, cannot change it.
2) ASDA configuration software will add one TEXT control to change these parameters for Drive Name at one time.
3) When change the explicit message to access the Drive name, it will translated to access these eight parameters together.",,,1,¤,0,32,,,,,,,,,,,,,,,,,
653,PN.036,6,20.01.24.01.30.06,UDINT,0x0010,★,,,■,◊,,,2,0,0xFFFFFFFF,0,,,DriveSerialNumber,Drive Serial Number,Drive Serial No.,0xFC48,32,All,"represent 8bit number, Used in the website. UDINT, follow PDG to request. Unique value.",,,,,,,,,,,,,,,,,,,,,,,
655,PN.037,0,,UDINT,0x0010,★,,,■,,,,1,0,0xFFFFFFFF,0,0.01,Amps (RMS),OutputCurrent,Output Current for Webpage Display,Output Current(Amps-rms),0xFC4A,32,All,"used in website Monitor signals page. It can be also added to the monitor variable. In the Monitor signal page, write the monitor variable to P0.017, then read P0.009. Sec 8.3 (055 - 37h)
The drive already has the AL083 (Servo drive outputs excessive current)",,,,,,,,,,,,,,,,,,,,,,,
656,PN.038,0,,INT,0x0010,★,,,■,,,,1,0,1000,0,1,%,MotorCapacity,Motor Capacity,Motor Capacity(% Motor Rated),0xFC4C,16,All,"used in website Monitor signals page. It can be also added to the monitor variable. In the Monitor signal page, write the monitor variable to P0.017, then read P0.009. Sec 8.3 (012 - 0Ch)
The drive already has the AL083 (Servo drive outputs excessive curr
2019.01.07. No motor, with powerboard, default is 65535??. with TLP motor is 0.
2019.04.19. Default without a motor is 0 now.",,,,,,,,,,,,,,,,,,,,,,,
657,PN.039,0,,UDINT,0x0010,★,,,■,,,,2,0,0xFFFFFFFF,0,,oC,InverterTemperature,Inverter Temperature,Inverter Temperature(°C),0xFC4E,32,All,,,,,,,,,,,,,,,,,,,,,,,,
658,PN.043,0,,UDINT,0x0010,★,,,■,,,,4,0,0xFFFFFFFF,0,,oC,EncoderTemperature,Encoder Temperature,Encoder Temperature,0xFC56,32,All,used in website,,,,,,,,,,,,,,,,,,,,,,,
659,PN.044,0,,DINT,0x0000,,,,,,,,1,0,2147483647,0,0.001,"10^-4kg-m^2
kg",TotalInertia,Total Inertia,,0xFC58,16,All,"2019.02.20. Both for rotary and linear motor.
2019.04.15 mininum value will depend on motor(motor inertia)",,,2,¤,,,,,,,,,,,,,,,,,,,
660,PN.045,0,,INT,0x0000,,,,,,,,1,0,1,0,,,UseLoadRatio,Use Load Ratio,,0xFC5A,16,All,"2019.02.20. Both for rotary and linear motor.
",,,2,¤,,,,,,,,,,,,,,,,,,,
661,PN.046,0,,UINT,0x0000,,▲,,,,,,1,0,0xFFFF,0,,,EncCommProtocol,Encoder Communication Protocol,,0xFC5C,16,All,"No Encoder/AqB: 0x0000; Nikon: 0x0003;
Hiperface: SKS(0x3209); SKM(0x3709); SRS(0x2209); SRM(0x2709);",,,1,¤,,,,,,,,,,,,,,,,,,,
662,PN.047,0,,UINT,0x0010,★,,,■,,,,2,1,65535,1,,,ProductCode,Product Code,Product Code,0xFC5E,,All,"Used for Identity object, Defined for each drive catalog number. DSP is not ready for Product Code.
2019.04.17. Delta changed Max from 0xFFFF to 65535
2019.05.15. Datatype changed from UINT to Int.",,,,,,,,,,,,,,,,,,,,,,,
663,P0.009,0,,DINT,0x0010,★,,,■,,,,4,-2147483648,2147483647,0,,,SystemVariableMonitor1Value,System Variable Monitor 1 Value,Status Monitor Register 1,0x0012,32,All,"2019.04.24. Delta added ""Volatile parameter""",,,,,,,,,,,,,,,,,,,,,,,
664,P0.010,0,,DINT,0x0010,★,,,■,,,,4,-2147483648,2147483647,0,,,SystemVariableMonitor2Value,System Variable Monitor 2 Value,Status Monitor Register 2,0x0014,32,All,"2019.04.24. Delta added ""Volatile parameter""",,,,,,,,,,,,,,,,,,,,,,,
665,P0.011,0,,DINT,0x0010,★,,,■,,,,4,-2147483648,2147483647,0,,,SystemVariableMonitor3Value,System Variable Monitor 3 Value,Status Monitor Register 3,0x0016,32,All,"2019.04.24. Delta added ""Volatile parameter""",,,,,,,,,,,,,,,,,,,,,,,
666,P0.012,0,,DINT,0x0010,★,,,■,,,,4,-2147483648,2147483647,0,,,SystemVariableMonitor4Value,System Variable Monitor 4 Value,Status Monitor Register 4,0x0018,32,All,"2019.04.24. Delta added ""Volatile parameter""",,,,,,,,,,,,,,,,,,,,,,,
667,P0.013,0,,DINT,0x0010,★,,,■,,,,4,-2147483648,2147483647,0,,,SystemVariableMonitor5Value,System Variable Monitor 5 Value,Status Monitor Register 5,0x001A,32,All,"2019.04.24. Delta added ""Volatile parameter""",,,,,,,,,,,,,,,,,,,,,,,
668,P0.017,0,,INT,0x0000,,,,,,,,4,-300,127,0,,,SystemVariableMonitor1Selection,System Variable Monitor 1 Selection,Display Status Monitor 1,0x0022,16,All,1/31: change back to -300 ~ 127 per Delta's request,,,,¤,,,,,,,,,,,,,,,,,,,
669,P0.018,0,,INT,0x0000,,,,,,,,4,-300,127,0,,,SystemVariableMonitor2Selection,System Variable Monitor 2 Selection,Display Status Monitor 2,0x0024,16,All,1/31: change back to -300 ~ 127 per Delta's request,,,,¤,,,,,,,,,,,,,,,,,,,
670,P0.019,0,,INT,0x0000,,,,,,,,4,-300,127,0,,,SystemVariableMonitor3Selection,System Variable Monitor 3 Selection,Display Status Monitor 3,0x0026,16,All,1/31: change back to -300 ~ 127 per Delta's request,,,,¤,,,,,,,,,,,,,,,,,,,
671,P0.020,0,,INT,0x0000,,,,,,,,4,-300,127,0,,,SystemVariableMonitor4Selection,System Variable Monitor 4 Selection,Display Status Monitor 4,0x0028,16,All,1/31: change back to -300 ~ 127 per Delta's request,,,,¤,,,,,,,,,,,,,,,,,,,
672,P0.021,0,,INT,0x0000,,,,,,,,4,-300,127,0,,,SystemVariableMonitor5Selection,System Variable Monitor 5 Selection,Display Status Monitor 5,0x002A,16,All,1/31: change back to -300 ~ 127 per Delta's request,,,,¤,,,,,,,,,,,,,,,,,,,
673,PN.048,0,,INT,0x0010,★,,,■,,,,2,0,32767,0,,,FwRevision,Firmware Revision,,0xFC60,16,All,"High 8bit-Major Revision, Low 8bit-Minor Revision
2019.04.25. Will change to decimal and do special handling for marjor and minor version.
2019.05.02.done.
2019.05.16. =Vh*1000+VL (decimal). Removed Linkpath and NEO-S parameter peoperty.",,,,,,,,,,,,,,,,,,,,,,,
674,PN.049,0,,DINT,0x0010,★,,,■,,,,2,0,2147483647,0,,,FwSubminorRevision,Firmware Subminor Revision,,0xFC62,32,All,"2019.04.25. Will change to decimal.
2019.05.02.done.
2019.05.16. Removed Linkpath and NEO-S parameter peoperty.",,,,,,,,,,,,,,,,,,,,,,,
675,P1.032,0,,UINT,0x0000,,▲,,,,,⌂,3,0,0x0030,0x0010,,,MotorStopMode,Motor Stop Mode,,0x0140,16,All,"Bit 4-7:
0 - Use dynamic brake; 1 - Motor runs freely; 2 - Use dynamic brake first.",,,2,¤,,,,,√,,,,,,,,,,,,,,
676,,0,,UINT,0x0010,★,▲,,,,,⌂,255,0,0x0001,0,,,Reserved676,Reserved676,,,,,"2019.04.17. Delta added it for Full-closed function
2019.11.27. Delta changed it to Reserved.",,,,,,,,,,,,,,,,,,,,,,,
677,P1.085,0,,UINT,0x0000,,,,,,,,5,0,0x7FFF,0,,Rev,FullClosedLoopPositionErrorAutoResetThreshold,Full Closed Loop Position Error Auto Reset Threshold,AutoClearingSettingOfThePositionErrorBetweenTheLinearScaleFeedbackAndEncoder ,0x01AA,16,PT,2019.04.17. Delta added it for Full-closed function,,,1,¤,,,,,,,,,,,,,,,,,,,
678,P1.060,0,,INT,0x0000,,,,,,,,3,-300,300,0,,%,HomingCollisionTorqueLimitOffset,Homing Collision Torque Limit Offset,CrashProtectionOffsetSetting,0x0178,16,All,2019.05.09. Delta added it for crash function,,,2,¤,,,,,,,,,,,,,,,,,,,
679,P1.081,0,,DINT,0x0000,,,,,,,,3,"0
0","28500
15998","8000
15998",,"RPM
mm/s",AnalogToVelocityScale2,Analog To Velocity Scale 2,Max. Speed of 2nd Analog Speed Command,0x01A2,32,S,2019.05.09. Delta added it for analog speed switch,,,2,¤,,,,,,,,,,,,,,,,,,,
680,P1.082,0,,INT,0x0000,,,,,,,,3,0,1000,0,,ms,FilterSwitchingTimeOfAnalogToVelocityScale1and2,Filter Switching Time of Analog To Velocity Scale 1 and 2,Filter Switching Time between P1-40 and P1-81,0x01A4,16,S,2019.05.09. Delta added it for analog speed switch,,,2,¤,,,,,,,,,,,,,,,,,,,
681,P2.084,0,,UINT,0x0010,★,,,,,,,3,0,0x111F,0,,,SpecialFunctionConfiguration5,Special Function Configuration 5,SpecialFunctionConfiguration5,0x02A8,16,All,2019.05.09. Delta added it for linear motor (future),,,,,,,,,,,,,,,,,,,,,,,
682,P2.088,0,,UINT,0x0010,★,▲,,,,,,3,0,0x003F,0,,,SpecialFunctionConfiguration6,Special Function Configuration 6,SpecialFunctionConfiguration6,0x02B0,16,All,2019.05.09. Delta added it for linear motor (future),,,,,,,,,,,,,,,,,,,,,,,
683,P1.107,0,,INT,0x0000,,,,,,,,5,0,100,0,,mV,AnalogInputDeadbandToTorque,Analog input dead-band for analog to torque,,0x01D6,,T/Tz/IO,,,,2,¤,,,,,,,,,,,,,,,,,,,
684,P1.110,0,,INT,0x0000,,,,,,,,5,0,100,0,,mV,AnalogInputDeadbandToVelocityAndPosition,Analog input dead-band for analog to velocity/position,,0x01DC,,PT/S/Sz//IO,,,,2,¤,,,,,,,,,,,,,,,,,,,
685,P2.080,0,,UINT,0x0000,,,,,,,,3,0x0000,0x0011,0x0000,,,ZPhaseSourceOfHoming,Z Phase Source of Homing,,0x02A0,,PR,"X: Full Closed Loop Z phase source of Homing:
0=Aux encoder; 1=MFB encoder.
Y: Non Full Closed Loop Z phase source of Homing:
0=MFB encoder; 1=Aux encoder.",Design logic for byte0 and byte 1 is not unified,,2,¤,,,,,,,,,,,,,,,,,,,
686,P3.013,0,,UINT,0x0000,,,,,,,,3,0x0000,0x0022,0x0000,,,FullClosedLoopMonitoringConfiguration,Full Closed Loop Monitoring Configuration,,0x031A,,PR,"X: Source of feedback position for System Variable 00h monitoring:
0=MFB; 1=AUX; 2=MFB under Non Full Closed Loop mode and AUX under Full Closed Loop mode.
Y: Source of Z phase for System Variable 27h monitoring:
0=MFB; 1=AUX; 2=MFB under Non Full Closed Loop mode and AUX under Full Closed Loop mode.",,,2,¤,,,,,,,,,,,,,,,,,,,
687,P1.022,0,,UINT,0x0000,,,,,,,,9,0x0000,0x107F,0x0000,,10ms,PRCmdFilterTime,PR Command Filter Time,,0x012C,,PR,2019.11.21 Recover this for E-CAM Macro#0x10,,,3,¤,,,,,,,,√,,,,,,,,,√,,
688,PM.074,0,,INT,0x0010,,▲,,,,,,1,0,15999,0,0.001,Ohms,InductionMotorStatorResistance,Induction Motor Stator Resistance,IM motor rotor resistance(Rr),0xFD94,16,All,,,,,,,,,,,,,,,,,,,,,,,,
689,P2.085,0,,INT,0x0000,,▲,●,,,,,5,0x0000,0x0001,0x0000,,,PositionSpeedSwitchFunction,Position Speed Switch Function,,0x02AA,,PT/PR,,,,,,,,,,,,,,,,,,,,,,,,
690,P2.086,0,,DINT,0x0000,,▲,,,,,,5,10,7000,275,,RPM,PositionSpeedSwitchLowLevel,Position Speed Switch Level Low,,0x02AC,,PT/PR,,,,,,,,,,,,,,,,,,,,,,,,
691,P2.087,0,,DINT,0x0000,,▲,,,,,,5,300,27500,1575,,RPM,PositionSpeedSwitchHighLevel,Position Speed Switch Level High,,0x02AE,,PT/PR,,,,,,,,,,,,,,,,,,,,,,,,
692,PM.047,0,,INT,0x0010,,▲,●,,,,,1,0,15999,4000,,mm/s,LinearMotorRatedVelocity,Linear Motor Rated Velocity,Linear motor pole pitch,0xFD5E,16,All,,,,,,,,,,,,,,,,,,,,,,,,
693,PM.048,0,,INT,0x0010,,▲,●,,,,,1,0,15999,4000,,mm/s,LinearMotorMaxVelocity,Linear Motor Max Velocity,Linear motor pole pitch,0xFD60,16,All,,,,,,,,,,,,,,,,,,,,,,,,
694,PM.053,0,,INT,0x0010,,▲,,,,,,1,0,5912,0,0.1,Vrms/(m/s),LinearMotorVoltageConstant,Linear Motor Voltage Constant,Linear motor pole pitch,0xFD6A,16,All,,,,,,,,,,,,,,,,,,,,,,,,
695,PN.050,6,20.28.24.01.30.16,SHORT_STRING,0x0010,★,,,■,,,,1,,,,,,EncoderSerialNumber,Encoder Serial Number,"Motor Serial No. (CN2), String [0]~[3]",0xFC64,,All,Encoder Serial Number [0]-[8],,,,,,,,,,,,,,,,,,,,,,,
696,PN.053,0,,INT,0x0000,,▲,,,,,,1,0,4096,20,,Hz,MotorOverloadDerateHz,Motor Overload Derate Hz,"Motor Serial No. (CN2), String [0]~[3]",0xFC6A,,All,,,,,,,,,,,,,,,,,,,,,,,,
,,,,,,,,,,,,,,,,,,,,,,,,,,,,,,,,,,,,,,,,,,,,,,,,
,Hidden Parameters,,,,,,,,,,,,,,,,,,,57,,,,,,,,,,,,,,,,,,,,,,,,,,,,
700,H1-000,0,,UINT,0x0000,,,,,,,,255,0x0001,0x0002,0x0001,,,H1-000,H1-000,,0xFF00,,,,,,,,,,,,,,,,,,,,,,,,,,
701,H1-001,0,,UINT,0x0000,,,,,,,,255,0x0001,0x200D,0x0001,,,H1-001,H1-001,,0xFF02,,,"1:50W  2:100W  3:400W, 4:750W",,,,,,,,,,,,,,,,,,,,,,,
702,H1-015,0,,INT,0x0000,,,,,,,,255,0,32767,0,,,H1-015,H1-015,,0xFF1E,,,,,,,,,,,,,,,,,,,,,,,,,,
703,H1-017,0,,INT,0x0000,,,,,,,,255,0,32767,0,,,H1-017,H1-017,,0xFF22,,,,,,,,,,,,,,,,,,,,,,,,,,
704,H1-020,0,,INT,0x0000,,,,,,,,255,0,7800,0,,,H1-020,H1-020,,0xFF28,,,,,,,,,,,,,,,,,,,,,,,,,,
705,H1-023,0,,INT,0x0000,,,,,,,,255,1,32767,1,,,H1-023,H1-023,,0xFF2E,,,,,,,,,,,,,,,,,,,,,,,,,,
706,H1-024,0,,INT,0x0000,,,,,,,,255,1,32767,1,,,H1-024,H1-024,,0xFF30,,,,,,,,,,,,,,,,,,,,,,,,,,
707,H1-030,0,,INT,0x0000,,,,,,,,255,13107,19660,13107,,,H1-030,H1-030,,0xFF3C,,,,,,,,,,,,,,,,,,,,,,,,,,
708,H1-032,0,,INT,0x0000,,,,,,,,255,13107,19660,13107,,,H1-032,H1-032,,0xFF40,,,,,,,,,,,,,,,,,,,,,,,,,,
709,H1-059,0,,INT,0x0000,,,,,,,,255,-32768,32767,-32768,,,H1-059,H1-059,,0xFF76,,,,,,,,,,,,,,,,,,,,,,,,,,
710,H1-060,0,,INT,0x0000,,,,,,,,255,500,1000,500,,,H1-060,H1-060,,0xFF78,,,,,,,,,,,,,,,,,,,,,,,,,,
711,H1-061,0,,INT,0x0000,,,,,,,,255,500,1000,500,,,H1-061,H1-061,,0xFF7A,,,,,,,,,,,,,,,,,,,,,,,,,,
712,H1-062,0,,INT,0x0000,,,,,,,,255,150,650,150,,,H1-062,H1-062,,0xFF7C,,,,,,,,,,,,,,,,,,,,,,,,,,
713,H1-081,0,,UINT,0x0000,,,,,,,,255,0x0000,0xFFFF,0x0000,,,H1-081,H1-081,,0xFFA2,,,,,,,,,,,,,,,,,,,,,,,,,,
714,H1-082,0,,INT,0x0000,,,,,,,,255,13107,19660,13107,,,H1-082,H1-082,,0xFFA4,,,,,,,,,,,,,,,,,,,,,,,,,,
715,H1-083,0,,INT,0x0000,,,,,,,,255,13107,19660,13107,,,H1-083,H1-083,,0xFFA6,,,,,,,,,,,,,,,,,,,,,,,,,,
716,H1-084,0,,INT,0x0000,,,,,,,,255,13107,19660,13107,,,H1-084,H1-084,,0xFFA8,,,,,,,,,,,,,,,,,,,,,,,,,,
717,H1-085,0,,INT,0x0000,,,,,,,,255,13107,19660,13107,,,H1-085,H1-085,,0xFFAA,,,,,,,,,,,,,,,,,,,,,,,,,,
718,H2-010,0,,INT,0x0000,,,,,,,,255,-32768,32767,-32768,,,H2-010,H2-010,,0xFE14,,,,,,,,,,,,,,,,,,,,,,,,,,
719,H2-012,0,,INT,0x0000,,,,,,,,255,-32768,32767,-32768,,,H2-012,H2-012,,0xFE18,,,,,,,,,,,,,,,,,,,,,,,,,,
720,H2-013,0,,INT,0x0000,,,,,,,,255,-32768,32767,-32768,,,H2-013,H2-013,,0xFE1A,,,,,,,,,,,,,,,,,,,,,,,,,,
721,H2-015,0,,INT,0x0000,,,,,,,,255,0,511,0,,,H2-015,H2-015,,0xFE1E,,,,,,,,,,,,,,,,,,,,,,,,,,
722,H2-016,0,,UINT,0x0000,,,,,,,,255,0x0000,0xFFFF,0x0000,,,H2-016,H2-016,,0xFE20,,,,,,,,,,,,,,,,,,,,,,,,,,
723,H2-017,0,,UINT,0x0000,,,,,,,,255,0x0000,0x00FF,0x0000,,,H2-017,H2-017,,0xFE22,,,,,,,,,,,,,,,,,,,,,,,,,,
724,H2-071,0,,INT,0x0000,,,,,,,,255,0,200,0,,,H2-071,H2-071,,0xFE8E,,,,,,,,,,,,,,,,,,,,,,,,,,
725,H2-072,0,,INT,0x0000,,,,,,,,255,0,5,0,,,H2-072,H2-072,,0xFE90,,,,,,,,,,,,,,,,,,,,,,,,,,
726,H2-073,0,,INT,0x0000,,,,,,,,255,0,32767,0,,,H2-073,H2-073,,0xFE92,,,,,,,,,,,,,,,,,,,,,,,,,,
727,H2-074,0,,INT,0x0000,,,,,,,,255,0,32767,0,,,H2-074,H2-074,,0xFE94,,,,,,,,,,,,,,,,,,,,,,,,,,
728,H2-075,0,,INT,0x0000,,,,,,,,255,1,15,1,,,H2-075,H2-075,,0xFE96,,,,,,,,,,,,,,,,,,,,,,,,,,
729,H2-076,0,,INT,0x0000,,,,,,,,255,1,1245,1,,,H2-076,H2-076,,0xFE98,,,,,,,,,,,,,,,,,,,,,,,,,,
730,H2-077,0,,DINT,0x0000,,,,,,,,255,-2147483648,2147483647,-2147483648,,,H2-077,H2-077,,0xFE9A,,,,,,,,,,,,,,,,,,,,,,,,,,
731,P1-032,0,,UINT,0x0000,,,,,,,,255,0x0000,0x0020,0x0000,,,P1-032,P1-032,Motor Stop Mode,0x0140,16,,,,,,,,,,,,,,,,,,,,,,,,,
732,P1-031,0,,UINT,0x0000,,,,,,,,255,0x0000,0xFFFF,0x0000,,,BarCodeSwitch,Bar Code Switch,,0x13E,,,,,,,,,,,,,,,,,,,,,,,,,,
733,P3-005,0,,UINT,0x0000,,,,,,,,255,0x0000,0x0002,0x0000,,,P3-005,P3-005,,0x30A,,,,,,,,,,,,,,,,,,,,,,,,,,
734,P3-000,0,,UINT,0x0000,,,,,,,,255,0x0001,0x007F,0x0001,,,P3-000,P3-000,,0x0300,,,,,,,,,,,,,,,,,,,,,,,,,,
735,P3-001,0,,UINT,0x0000,,,,,,,,255,0x0000,0x0405,0x0000,,,P3-001,P3-001,,0x0302,,,,,,,,,,,,,,,,,,,,,,,,,,
736,P3-002,0,,UINT,0x0000,,,,,,,,255,0x0000,0x0008,0x0000,,,P3-002,P3-002,,0x0304,,,,,,,,,,,,,,,,,,,,,,,,,,
